Timestamp,Prix actuel,Changement,Changement (%),Heure de mise Ã  jour
2024-11-01 10:02:22,"71,22","+1,96","(+2,83%)",10:02:19
2024-11-01 10:02:35,"71,19","+1,93","(+2,79%)",09:57:23
2024-11-01 10:07:16,"71,17","+1,91","(+2,76%)",10:07:05
2024-11-01 10:07:29,"71,20","+1,94","(+2,80%)",10:06:28
2024-11-01 10:07:40,"71,20","+1,94","(+2,80%)",10:06:28
2024-11-01 10:07:53,"71,20","+1,94","(+2,80%)",10:06:28
2024-11-01 10:08:04,"71,20","+1,94","(+2,80%)",10:06:28
2024-11-01 10:08:16,"71,19","+1,93","(+2,79%)",10:07:28
2024-11-01 10:08:27,"71,19","+1,93","(+2,79%)",10:07:28
2024-11-01 10:08:39,"71,19","+1,93","(+2,79%)",10:07:28
2024-11-01 10:08:51,"71,25","+1,99","(+2,87%)",10:08:21
2024-11-01 10:09:02,"71,25","+1,99","(+2,87%)",10:08:21
2024-11-01 10:09:15,"71,25","+1,99","(+2,87%)",10:08:21
2024-11-01 10:09:27,"71,25","+1,99","(+2,87%)",10:08:21
2024-11-01 10:09:39,"71,25","+1,99","(+2,87%)",10:08:21
2024-11-01 10:09:51,"71,25","+1,99","(+2,87%)",10:08:21
2024-11-01 10:10:06,"71,23","+1,97","(+2,84%)",10:09:13
2024-11-01 10:10:18,"71,23","+1,97","(+2,84%)",10:09:13
2024-11-01 10:10:32,"71,23","+1,97","(+2,84%)",10:09:13
2024-11-01 10:10:44,"71,23","+1,97","(+2,84%)",10:09:13
2024-11-01 10:10:56,"71,23","+1,97","(+2,84%)",10:09:13
2024-11-01 10:11:08,"71,23","+1,97","(+2,84%)",10:09:13
2024-11-01 10:11:20,"71,26","+2,00","(+2,89%)",10:10:00
2024-11-01 10:11:31,"71,26","+2,00","(+2,89%)",10:10:00
2024-11-01 10:11:43,"71,26","+2,00","(+2,89%)",10:10:00
2024-11-01 10:11:55,"71,32","+2,06","(+2,97%)",10:11:24
2024-11-01 10:12:06,"71,32","+2,06","(+2,97%)",10:11:24
2024-11-01 10:12:18,"71,32","+2,06","(+2,97%)",10:11:24
2024-11-01 10:12:29,"71,32","+2,06","(+2,97%)",10:11:24
2024-11-01 10:12:41,"71,32","+2,06","(+2,97%)",10:11:24
2024-11-01 10:12:53,"71,32","+2,06","(+2,97%)",10:11:24
2024-11-01 10:13:05,"71,32","+2,06","(+2,97%)",10:12:21
2024-11-01 10:13:17,"71,32","+2,06","(+2,97%)",10:12:21
2024-11-01 10:13:28,"71,32","+2,06","(+2,97%)",10:12:21
2024-11-01 10:13:40,"71,32","+2,06","(+2,97%)",10:12:21
2024-11-01 10:13:51,"71,32","+2,06","(+2,97%)",10:12:21
2024-11-01 10:14:03,"71,32","+2,06","(+2,97%)",10:12:21
2024-11-01 10:14:14,"71,30","+2,04","(+2,95%)",10:13:20
2024-11-01 10:14:26,"71,30","+2,04","(+2,95%)",10:13:20
2024-11-01 10:14:38,"71,30","+2,04","(+2,95%)",10:13:20
2024-11-01 10:14:50,"71,33","+2,07","(+2,99%)",10:14:08
2024-11-01 10:15:01,"71,33","+2,07","(+2,99%)",10:14:08
2024-11-01 10:15:13,"71,33","+2,07","(+2,99%)",10:14:08
2024-11-01 10:15:25,"71,33","+2,07","(+2,99%)",10:14:08
2024-11-01 10:15:37,"71,33","+2,07","(+2,99%)",10:14:08
2024-11-01 10:16:10,"71,31","+2,05","(+2,96%)",10:15:05
2024-11-01 10:16:22,"71,31","+2,05","(+2,96%)",10:15:05
2024-11-01 10:16:34,"71,30","+2,04","(+2,95%)",10:13:20
2024-11-01 10:16:46,"71,31","+2,05","(+2,96%)",10:15:05
2024-11-01 10:16:59,"71,31","+2,05","(+2,96%)",10:15:05
2024-11-01 10:17:11,"71,31","+2,05","(+2,96%)",10:15:05
2024-11-01 10:17:23,"71,34","+2,08","(+3,00%)",10:16:05
2024-11-01 10:17:35,"71,34","+2,08","(+3,00%)",10:16:05
2024-11-01 10:17:47,"71,34","+2,08","(+3,00%)",10:16:05
2024-11-01 10:17:59,"71,31","+2,05","(+2,96%)",10:17:22
2024-11-01 10:18:11,"71,31","+2,05","(+2,96%)",10:17:22
2024-11-01 10:18:24,"71,31","+2,05","(+2,96%)",10:17:22
2024-11-01 10:18:35,"71,31","+2,05","(+2,96%)",10:17:22
2024-11-01 10:18:46,"71,31","+2,05","(+2,96%)",10:17:22
2024-11-01 10:18:58,"71,31","+2,05","(+2,96%)",10:17:22
2024-11-01 10:19:09,"71,29","+2,03","(+2,93%)",10:18:17
2024-11-01 10:19:21,"71,29","+2,03","(+2,93%)",10:18:17
2024-11-01 10:19:32,"71,29","+2,03","(+2,93%)",10:18:17
2024-11-01 10:19:44,"71,29","+2,03","(+2,93%)",10:18:17
2024-11-01 10:19:55,"71,29","+2,03","(+2,93%)",10:18:17
2024-11-01 10:20:07,"71,29","+2,03","(+2,93%)",10:18:17
2024-11-01 10:20:19,"71,23","+1,97","(+2,84%)",10:19:24
2024-11-01 10:20:30,"71,23","+1,97","(+2,84%)",10:19:24
2024-11-01 10:20:43,"71,23","+1,97","(+2,84%)",10:19:24
2024-11-01 10:20:54,"71,28","+2,02","(+2,92%)",10:20:16
2024-11-01 10:21:08,"71,28","+2,02","(+2,92%)",10:20:16
2024-11-01 10:21:21,"71,28","+2,02","(+2,92%)",10:20:16
2024-11-01 10:21:36,"71,28","+2,02","(+2,92%)",10:20:16
2024-11-01 10:21:47,"71,28","+2,02","(+2,92%)",10:20:16
2024-11-01 10:21:59,"71,28","+2,02","(+2,92%)",10:20:16
2024-11-01 10:22:11,"71,31","+2,05","(+2,96%)",10:15:05
2024-11-01 10:22:22,"71,34","+2,08","(+3,00%)",10:21:32
2024-11-01 10:22:33,"71,34","+2,08","(+3,00%)",10:21:32
2024-11-01 10:22:45,"71,34","+2,08","(+3,00%)",10:21:32
2024-11-01 10:22:56,"71,34","+2,08","(+3,00%)",10:21:32
2024-11-01 10:23:09,"71,34","+2,08","(+3,00%)",10:21:32
2024-11-01 10:23:21,"71,28","+2,02","(+2,92%)",10:22:33
2024-11-01 10:23:33,"71,28","+2,02","(+2,92%)",10:22:33
2024-11-01 10:23:44,"71,28","+2,02","(+2,92%)",10:22:33
2024-11-01 10:23:56,"71,34","+2,08","(+3,00%)",10:21:32
2024-11-01 10:24:08,"71,25","+1,99","(+2,87%)",10:23:17
2024-11-01 10:24:20,"71,25","+1,99","(+2,87%)",10:23:17
2024-11-01 10:24:33,"71,25","+1,99","(+2,87%)",10:23:17
2024-11-01 10:24:45,"71,25","+1,99","(+2,87%)",10:23:17
2024-11-01 10:24:58,"71,25","+1,99","(+2,87%)",10:23:17
2024-11-01 10:25:09,"71,25","+1,99","(+2,87%)",10:23:17
2024-11-01 10:25:20,"71,28","+2,02","(+2,92%)",10:24:22
2024-11-01 10:25:32,"71,28","+2,02","(+2,92%)",10:24:22
2024-11-01 10:25:44,"71,28","+2,02","(+2,92%)",10:24:22
2024-11-01 10:25:55,"71,25","+1,99","(+2,87%)",10:23:17
2024-11-01 10:26:07,"71,28","+2,02","(+2,92%)",10:25:08
2024-11-01 10:26:19,"71,28","+2,02","(+2,92%)",10:24:22
2024-11-01 10:26:31,"71,28","+2,02","(+2,92%)",10:25:08
2024-11-01 10:26:43,"71,28","+2,02","(+2,92%)",10:25:08
2024-11-01 10:26:54,"71,28","+2,02","(+2,92%)",10:25:08
2024-11-01 10:27:06,"71,28","+2,02","(+2,92%)",10:25:08
2024-11-01 10:27:17,"71,22","+1,96","(+2,83%)",10:26:44
2024-11-01 10:27:29,"71,28","+2,02","(+2,92%)",10:25:08
2024-11-01 10:27:41,"71,22","+1,96","(+2,83%)",10:26:44
2024-11-01 10:27:52,"71,22","+1,96","(+2,83%)",10:26:44
2024-11-01 10:28:04,"71,22","+1,96","(+2,83%)",10:26:44
2024-11-01 10:28:16,"71,22","+1,96","(+2,83%)",10:27:23
2024-11-01 10:28:27,"71,22","+1,96","(+2,83%)",10:26:44
2024-11-01 10:28:38,"71,22","+1,96","(+2,83%)",10:27:23
2024-11-01 10:28:50,"71,22","+1,96","(+2,83%)",10:27:23
2024-11-01 10:29:02,"71,22","+1,96","(+2,83%)",10:27:23
2024-11-01 10:29:13,"71,22","+1,96","(+2,83%)",10:27:23
2024-11-01 10:29:25,"71,25","+1,99","(+2,87%)",10:28:29
2024-11-01 10:29:37,"71,25","+1,99","(+2,87%)",10:28:29
2024-11-01 10:29:48,"71,25","+1,99","(+2,87%)",10:28:29
2024-11-01 10:29:59,"71,25","+1,99","(+2,87%)",10:28:29
2024-11-01 10:30:12,"71,25","+1,99","(+2,87%)",10:28:29
2024-11-01 10:30:25,"71,25","+1,99","(+2,87%)",10:28:29
2024-11-01 10:30:36,"71,27","+2,01","(+2,90%)",10:29:44
2024-11-01 10:30:49,"71,27","+2,01","(+2,90%)",10:29:44
2024-11-01 10:31:01,"71,27","+2,01","(+2,90%)",10:29:44
2024-11-01 10:31:15,"71,22","+1,96","(+2,83%)",10:30:49
2024-11-01 10:31:26,"71,22","+1,96","(+2,83%)",10:30:49
2024-11-01 10:31:38,"71,22","+1,96","(+2,83%)",10:27:23
2024-11-01 10:31:50,"71,22","+1,96","(+2,83%)",10:30:49
2024-11-01 10:32:02,"71,22","+1,96","(+2,83%)",10:30:49
2024-11-01 10:32:13,"71,22","+1,96","(+2,83%)",10:30:49
2024-11-01 10:32:26,"71,22","+1,96","(+2,83%)",10:30:49
2024-11-01 10:32:38,"71,19","+1,93","(+2,79%)",10:31:32
2024-11-01 10:33:54,"71,22","+1,96","(+2,83%)",10:33:50
2024-11-01 10:34:08,"71,19","+1,93","(+2,79%)",10:31:32
2024-11-01 10:34:19,"71,17","+1,91","(+2,76%)",10:32:36
2024-11-01 10:34:31,"71,17","+1,91","(+2,76%)",10:32:36
2024-11-01 10:34:43,"71,17","+1,91","(+2,76%)",10:32:36
2024-11-01 10:34:55,"71,20","+1,94","(+2,80%)",10:33:57
2024-11-01 10:35:07,"71,20","+1,94","(+2,80%)",10:33:57
2024-11-01 10:35:19,"71,20","+1,94","(+2,80%)",10:33:57
2024-11-01 10:35:32,"71,23","+1,97","(+2,84%)",10:34:56
2024-11-01 10:35:43,"71,23","+1,97","(+2,84%)",10:34:56
2024-11-01 10:35:55,"71,23","+1,97","(+2,84%)",10:34:56
2024-11-01 10:36:07,"71,23","+1,97","(+2,84%)",10:34:56
2024-11-01 10:36:18,"71,23","+1,97","(+2,84%)",10:34:56
2024-11-01 10:37:16,"71,21","+1,95","(+2,82%)",10:37:13
2024-11-01 10:37:28,"71,22","+1,96","(+2,83%)",10:30:49
2024-11-01 10:37:39,"71,22","+1,96","(+2,83%)",10:37:00
2024-11-01 10:37:51,"71,22","+1,96","(+2,83%)",10:37:00
2024-11-01 10:38:02,"71,22","+1,96","(+2,83%)",10:37:00
2024-11-01 10:38:15,"71,22","+1,96","(+2,83%)",10:37:00
2024-11-01 10:38:26,"71,22","+1,96","(+2,83%)",10:37:00
2024-11-01 10:38:38,"71,22","+1,96","(+2,83%)",10:37:00
2024-11-01 10:38:50,"71,20","+1,94","(+2,80%)",10:37:31
2024-11-01 10:39:01,"71,20","+1,94","(+2,80%)",10:37:31
2024-11-01 10:39:13,"71,20","+1,94","(+2,80%)",10:37:31
2024-11-01 10:39:24,"71,22","+1,96","(+2,83%)",10:38:57
2024-11-01 10:39:37,"71,22","+1,96","(+2,83%)",10:38:57
2024-11-01 10:39:48,"71,22","+1,96","(+2,83%)",10:38:57
2024-11-01 10:40:00,"71,22","+1,96","(+2,83%)",10:38:57
2024-11-01 10:40:11,"71,22","+1,96","(+2,83%)",10:38:57
2024-11-01 10:40:23,"71,22","+1,96","(+2,83%)",10:38:57
2024-11-01 10:40:35,"71,19","+1,93","(+2,79%)",10:40:02
2024-11-01 10:40:46,"71,25","+1,99","(+2,87%)",10:35:44
2024-11-01 10:40:57,"71,19","+1,93","(+2,79%)",10:40:02
2024-11-01 10:41:10,"71,19","+1,93","(+2,79%)",10:40:02
2024-11-01 10:41:22,"71,19","+1,93","(+2,79%)",10:40:02
2024-11-01 10:41:35,"71,19","+1,93","(+2,79%)",10:40:02
2024-11-01 10:41:48,"71,24","+1,98","(+2,86%)",10:40:56
2024-11-01 10:42:00,"71,24","+1,98","(+2,86%)",10:40:56
2024-11-01 10:42:12,"71,24","+1,98","(+2,86%)",10:40:56
2024-11-01 10:42:23,"71,24","+1,98","(+2,86%)",10:40:56
2024-11-01 10:42:35,"71,24","+1,98","(+2,86%)",10:40:56
2024-11-01 10:42:47,"71,24","+1,98","(+2,86%)",10:40:56
2024-11-01 10:42:58,"71,19","+1,93","(+2,79%)",10:42:06
2024-11-01 10:43:12,"71,19","+1,93","(+2,79%)",10:42:06
2024-11-01 10:43:24,"71,19","+1,93","(+2,79%)",10:42:06
2024-11-01 10:43:36,"71,20","+1,94","(+2,80%)",10:43:06
2024-11-01 10:43:48,"71,20","+1,94","(+2,80%)",10:43:06
2024-11-01 10:44:01,"71,20","+1,94","(+2,80%)",10:43:06
2024-11-01 10:44:12,"71,20","+1,94","(+2,80%)",10:43:06
2024-11-01 10:44:27,"71,20","+1,94","(+2,80%)",10:43:06
2024-11-01 10:44:45,"71,20","+1,94","(+2,80%)",10:43:06
2024-11-01 10:44:57,"71,12","+1,86","(+2,69%)",10:44:13
2024-11-01 10:45:09,"71,12","+1,86","(+2,69%)",10:44:13
2024-11-01 10:45:22,"71,12","+1,86","(+2,69%)",10:44:13
2024-11-01 10:45:35,"71,12","+1,86","(+2,69%)",10:44:13
2024-11-01 10:45:46,"71,12","+1,86","(+2,69%)",10:44:13
2024-11-01 10:45:58,"71,12","+1,86","(+2,69%)",10:44:13
2024-11-01 10:46:10,"71,11","+1,85","(+2,67%)",10:45:14
2024-11-01 10:46:21,"71,11","+1,85","(+2,67%)",10:45:14
2024-11-01 10:46:33,"71,11","+1,85","(+2,67%)",10:45:14
2024-11-01 10:46:46,"71,16","+1,90","(+2,74%)",10:46:01
2024-11-01 10:47:00,"71,16","+1,90","(+2,74%)",10:46:01
2024-11-01 10:47:18,"71,16","+1,90","(+2,74%)",10:46:01
2024-11-01 10:47:31,"71,16","+1,90","(+2,74%)",10:46:01
2024-11-01 10:47:43,"71,16","+1,90","(+2,74%)",10:46:01
2024-11-01 10:47:58,"71,17","+1,91","(+2,76%)",10:47:18
2024-11-01 10:48:15,"71,17","+1,91","(+2,76%)",10:47:18
2024-11-01 10:48:30,"71,17","+1,91","(+2,76%)",10:47:18
2024-11-01 10:48:42,"71,17","+1,91","(+2,76%)",10:47:18
2024-11-01 10:48:56,"71,17","+1,91","(+2,76%)",10:47:18
2024-11-01 10:49:08,"71,17","+1,91","(+2,76%)",10:47:18
2024-11-01 10:49:19,"71,17","+1,91","(+2,76%)",10:48:17
2024-11-01 10:49:32,"71,17","+1,91","(+2,76%)",10:48:17
2024-11-01 10:49:43,"71,17","+1,91","(+2,76%)",10:48:17
2024-11-01 10:49:56,"71,20","+1,94","(+2,80%)",10:49:21
2024-11-01 10:50:07,"71,20","+1,94","(+2,80%)",10:49:21
2024-11-01 10:50:19,"71,20","+1,94","(+2,80%)",10:49:21
2024-11-01 10:50:31,"71,20","+1,94","(+2,80%)",10:49:21
2024-11-01 10:50:43,"71,24","+1,98","(+2,86%)",10:40:56
2024-11-01 10:50:55,"71,17","+1,91","(+2,76%)",10:50:16
2024-11-01 10:51:07,"71,17","+1,91","(+2,76%)",10:50:16
2024-11-01 10:51:19,"71,17","+1,91","(+2,76%)",10:50:16
2024-11-01 10:51:31,"71,17","+1,91","(+2,76%)",10:50:16
2024-11-01 10:51:43,"71,17","+1,91","(+2,76%)",10:50:16
2024-11-01 10:51:54,"71,17","+1,91","(+2,76%)",10:50:16
2024-11-01 10:52:06,"71,17","+1,91","(+2,76%)",10:51:09
2024-11-01 10:52:18,"71,17","+1,91","(+2,76%)",10:51:09
2024-11-01 10:52:29,"71,17","+1,91","(+2,76%)",10:51:09
2024-11-01 10:52:41,"71,17","+1,91","(+2,76%)",10:51:09
2024-11-01 10:52:53,"71,17","+1,91","(+2,76%)",10:51:09
2024-11-01 10:53:05,"71,17","+1,91","(+2,76%)",10:51:09
2024-11-01 10:53:17,"71,20","+1,94","(+2,80%)",10:52:32
2024-11-01 10:53:28,"71,20","+1,94","(+2,80%)",10:52:32
2024-11-01 10:53:42,"71,20","+1,94","(+2,80%)",10:52:32
2024-11-01 10:53:55,"71,20","+1,94","(+2,80%)",10:52:32
2024-11-01 10:54:07,"71,20","+1,94","(+2,80%)",10:52:32
2024-11-01 10:54:21,"71,20","+1,94","(+2,80%)",10:52:32
2024-11-01 10:55:03,"71,20","+1,94","(+2,80%)",10:53:25
2024-11-01 10:55:16,"71,20","+1,94","(+2,80%)",10:49:21
2024-11-01 10:55:29,"71,25","+1,99","(+2,87%)",10:54:36
2024-11-01 10:55:41,"71,20","+1,94","(+2,80%)",10:53:25
2024-11-01 10:55:52,"71,25","+1,99","(+2,87%)",10:54:36
2024-11-01 10:56:04,"71,25","+1,99","(+2,87%)",10:54:36
2024-11-01 10:56:16,"71,25","+1,99","(+2,87%)",10:54:36
2024-11-01 10:56:28,"71,25","+1,99","(+2,87%)",10:55:23
2024-11-01 10:56:39,"71,25","+1,99","(+2,87%)",10:55:23
2024-11-01 10:56:51,"71,25","+1,99","(+2,87%)",10:54:36
2024-11-01 10:57:03,"71,25","+1,99","(+2,87%)",10:55:23
2024-11-01 10:57:16,"71,12","+1,86","(+2,69%)",10:56:23
2024-11-01 10:57:28,"71,12","+1,86","(+2,69%)",10:56:23
2024-11-01 10:58:43,"71,25","+1,99","(+2,87%)",10:58:40
2024-11-01 10:58:56,"71,12","+1,86","(+2,69%)",10:56:23
2024-11-01 10:59:09,"71,26","+2,00","(+2,89%)",10:58:25
2024-11-01 10:59:20,"71,26","+2,00","(+2,89%)",10:58:25
2024-11-01 10:59:32,"71,26","+2,00","(+2,89%)",10:58:25
2024-11-01 10:59:44,"71,12","+1,86","(+2,69%)",10:56:23
2024-11-01 10:59:56,"71,26","+2,00","(+2,89%)",10:58:25
2024-11-01 11:00:08,"71,26","+2,00","(+2,89%)",10:58:25
2024-11-01 11:00:20,"71,30","+2,04","(+2,95%)",10:59:43
2024-11-01 11:00:32,"71,30","+2,04","(+2,95%)",10:59:43
2024-11-01 11:00:45,"71,26","+2,00","(+2,89%)",10:58:25
2024-11-01 11:00:58,"71,30","+2,04","(+2,95%)",10:59:43
2024-11-01 11:01:10,"71,30","+2,04","(+2,95%)",10:59:43
2024-11-01 11:01:22,"71,30","+2,04","(+2,95%)",10:59:43
2024-11-01 11:01:34,"71,25","+1,99","(+2,87%)",11:00:40
2024-11-01 11:01:47,"71,25","+1,99","(+2,87%)",11:00:40
2024-11-01 11:01:59,"71,25","+1,99","(+2,87%)",11:00:40
2024-11-01 11:02:11,"71,20","+1,94","(+2,80%)",11:01:44
2024-11-01 11:02:22,"71,20","+1,94","(+2,80%)",11:01:44
2024-11-01 11:02:35,"71,20","+1,94","(+2,80%)",11:01:44
2024-11-01 11:02:47,"71,20","+1,94","(+2,80%)",11:01:44
2024-11-01 11:03:01,"71,20","+1,94","(+2,80%)",11:01:44
2024-11-01 11:03:14,"71,20","+1,94","(+2,80%)",11:01:44
2024-11-01 11:03:27,"71,11","+1,85","(+2,67%)",11:02:49
2024-11-01 11:03:41,"71,11","+1,85","(+2,67%)",11:02:49
2024-11-01 11:03:55,"71,11","+1,85","(+2,67%)",11:02:49
2024-11-01 11:04:07,"71,11","+1,85","(+2,67%)",11:02:49
2024-11-01 11:04:19,"71,11","+1,85","(+2,67%)",11:02:49
2024-11-01 11:04:30,"71,30","+2,04","(+2,95%)",10:59:43
2024-11-01 11:04:42,"71,12","+1,86","(+2,69%)",11:03:46
2024-11-01 11:04:54,"71,12","+1,86","(+2,69%)",11:03:46
2024-11-01 11:05:06,"71,12","+1,86","(+2,69%)",11:03:46
2024-11-01 11:05:19,"71,12","+1,86","(+2,69%)",11:03:46
2024-11-01 11:05:31,"71,12","+1,86","(+2,69%)",11:03:46
2024-11-01 11:05:42,"71,12","+1,86","(+2,69%)",11:03:46
2024-11-01 11:05:54,"71,15","+1,89","(+2,73%)",11:04:45
2024-11-01 11:06:06,"71,15","+1,89","(+2,73%)",11:04:45
2024-11-01 11:06:18,"71,15","+1,89","(+2,73%)",11:04:45
2024-11-01 11:06:30,"71,17","+1,91","(+2,76%)",11:05:40
2024-11-01 11:06:42,"71,17","+1,91","(+2,76%)",11:05:40
2024-11-01 11:06:53,"71,17","+1,91","(+2,76%)",11:05:40
2024-11-01 11:07:06,"71,17","+1,91","(+2,76%)",11:05:40
2024-11-01 11:07:18,"71,17","+1,91","(+2,76%)",11:05:40
2024-11-01 11:07:30,"71,17","+1,91","(+2,76%)",11:05:40
2024-11-01 11:07:43,"71,16","+1,90","(+2,74%)",11:06:53
2024-11-01 11:07:54,"71,16","+1,90","(+2,74%)",11:06:53
2024-11-01 11:08:06,"71,16","+1,90","(+2,74%)",11:06:53
2024-11-01 11:08:19,"71,16","+1,90","(+2,74%)",11:06:53
2024-11-01 11:08:30,"71,16","+1,90","(+2,74%)",11:06:53
2024-11-01 11:08:43,"71,16","+1,90","(+2,74%)",11:06:53
2024-11-01 11:08:55,"71,18","+1,92","(+2,77%)",11:07:42
2024-11-01 11:09:07,"71,18","+1,92","(+2,77%)",11:07:42
2024-11-01 11:09:21,"71,18","+1,92","(+2,77%)",11:07:42
2024-11-01 11:09:33,"71,13","+1,87","(+2,70%)",11:08:44
2024-11-01 11:09:44,"71,13","+1,87","(+2,70%)",11:08:44
2024-11-01 11:09:55,"71,13","+1,87","(+2,70%)",11:08:44
2024-11-01 11:10:07,"71,13","+1,87","(+2,70%)",11:08:44
2024-11-01 11:10:19,"71,13","+1,87","(+2,70%)",11:08:44
2024-11-01 11:10:31,"71,13","+1,87","(+2,70%)",11:08:44
2024-11-01 11:10:42,"71,15","+1,89","(+2,73%)",11:10:07
2024-11-01 11:10:54,"71,15","+1,89","(+2,73%)",11:10:07
2024-11-01 11:11:06,"71,15","+1,89","(+2,73%)",11:10:07
2024-11-01 11:11:17,"71,15","+1,89","(+2,73%)",11:10:07
2024-11-01 11:11:30,"71,15","+1,89","(+2,73%)",11:10:07
2024-11-01 11:11:42,"71,15","+1,89","(+2,73%)",11:10:07
2024-11-01 11:11:55,"71,14","+1,88","(+2,71%)",11:11:08
2024-11-01 11:12:14,"71,14","+1,89","(+2,73%)",11:12:11
2024-11-01 11:12:28,"71,14","+1,88","(+2,71%)",11:11:08
2024-11-01 11:12:42,"71,11","+1,85","(+2,67%)",11:02:49
2024-11-01 11:13:07,"71,07","+1,81","(+2,61%)",11:13:06
2024-11-01 11:13:21,"71,16","+1,90","(+2,74%)",11:11:43
2024-11-01 11:13:36,"71,10","+1,84","(+2,66%)",11:12:47
2024-11-01 11:13:49,"71,10","+1,84","(+2,66%)",11:12:47
2024-11-01 11:15:37,"71,14","+1,88","(+2,71%)",11:15:36
2024-11-01 11:15:52,"71,16","+1,90","(+2,74%)",11:11:43
2024-11-01 11:16:06,"71,12","+1,86","(+2,69%)",11:14:45
2024-11-01 11:18:09,"71,09","+1,83","(+2,64%)",11:18:03
2024-11-01 11:18:21,"71,10","+1,84","(+2,66%)",11:12:47
2024-11-01 11:18:33,"71,10","+1,84","(+2,66%)",11:17:23
2024-11-01 11:18:45,"71,10","+1,84","(+2,66%)",11:17:23
2024-11-01 11:18:57,"71,10","+1,84","(+2,66%)",11:17:23
2024-11-01 11:19:08,"71,08","+1,82","(+2,63%)",11:18:17
2024-11-01 11:19:20,"71,08","+1,82","(+2,63%)",11:18:17
2024-11-01 11:19:32,"71,08","+1,82","(+2,63%)",11:18:17
2024-11-01 11:19:44,"71,08","+1,82","(+2,63%)",11:18:17
2024-11-01 11:19:56,"71,08","+1,82","(+2,63%)",11:18:17
2024-11-01 11:20:08,"71,08","+1,82","(+2,63%)",11:18:17
2024-11-01 11:20:20,"71,08","+1,82","(+2,63%)",11:19:28
2024-11-01 11:20:32,"71,08","+1,82","(+2,63%)",11:19:28
2024-11-01 11:20:43,"71,08","+1,82","(+2,63%)",11:19:28
2024-11-01 11:20:55,"71,08","+1,82","(+2,63%)",11:19:28
2024-11-01 11:21:07,"71,08","+1,82","(+2,63%)",11:19:28
2024-11-01 11:21:41,"71,12","+1,86","(+2,69%)",11:20:11
2024-11-01 11:21:53,"71,12","+1,86","(+2,69%)",11:20:11
2024-11-01 11:22:06,"71,02","+1,76","(+2,54%)",11:21:24
2024-11-01 11:22:18,"71,02","+1,76","(+2,54%)",11:21:24
2024-11-01 11:22:30,"71,02","+1,76","(+2,54%)",11:21:24
2024-11-01 11:22:44,"71,02","+1,76","(+2,54%)",11:21:24
2024-11-01 11:22:56,"71,02","+1,76","(+2,54%)",11:21:24
2024-11-01 11:23:10,"71,02","+1,76","(+2,54%)",11:21:24
2024-11-01 11:23:22,"71,06","+1,80","(+2,60%)",11:22:40
2024-11-01 11:23:34,"71,06","+1,80","(+2,60%)",11:22:40
2024-11-01 11:23:47,"71,06","+1,80","(+2,60%)",11:22:40
2024-11-01 11:24:00,"71,06","+1,80","(+2,60%)",11:22:40
2024-11-01 11:24:13,"71,06","+1,80","(+2,60%)",11:22:40
2024-11-01 11:24:25,"71,06","+1,80","(+2,60%)",11:22:40
2024-11-01 11:24:37,"71,08","+1,82","(+2,63%)",11:23:29
2024-11-01 11:24:50,"71,08","+1,82","(+2,63%)",11:23:29
2024-11-01 11:25:01,"71,08","+1,82","(+2,63%)",11:23:29
2024-11-01 11:25:14,"71,03","+1,77","(+2,56%)",11:24:32
2024-11-01 11:25:28,"71,03","+1,77","(+2,56%)",11:24:32
2024-11-01 11:25:42,"71,03","+1,77","(+2,56%)",11:24:32
2024-11-01 11:25:55,"71,03","+1,77","(+2,56%)",11:24:32
2024-11-01 11:26:10,"71,03","+1,77","(+2,56%)",11:24:32
2024-11-01 11:26:22,"71,12","+1,86","(+2,69%)",11:14:45
2024-11-01 11:26:34,"71,06","+1,80","(+2,60%)",11:25:31
2024-11-01 11:26:46,"71,06","+1,80","(+2,60%)",11:25:31
2024-11-01 11:26:58,"71,06","+1,80","(+2,60%)",11:25:31
2024-11-01 11:27:10,"71,06","+1,80","(+2,60%)",11:25:31
2024-11-01 11:27:22,"71,06","+1,80","(+2,60%)",11:25:31
2024-11-01 11:27:33,"71,06","+1,80","(+2,60%)",11:25:31
2024-11-01 11:27:44,"71,02","+1,76","(+2,54%)",11:26:45
2024-11-01 11:27:58,"71,02","+1,76","(+2,54%)",11:26:45
2024-11-01 11:28:10,"71,02","+1,76","(+2,54%)",11:26:45
2024-11-01 11:28:22,"70,99","+1,73","(+2,50%)",11:27:33
2024-11-01 11:28:33,"70,99","+1,73","(+2,50%)",11:27:33
2024-11-01 11:28:45,"70,99","+1,73","(+2,50%)",11:27:33
2024-11-01 11:28:56,"70,99","+1,73","(+2,50%)",11:27:33
2024-11-01 11:29:08,"70,99","+1,73","(+2,50%)",11:27:33
2024-11-01 11:29:19,"70,99","+1,73","(+2,50%)",11:27:33
2024-11-01 11:29:31,"71,00","+1,74","(+2,51%)",11:28:32
2024-11-01 11:29:44,"71,00","+1,74","(+2,51%)",11:28:32
2024-11-01 11:29:57,"71,00","+1,74","(+2,51%)",11:28:32
2024-11-01 11:30:08,"71,00","+1,74","(+2,51%)",11:28:32
2024-11-01 11:30:20,"71,00","+1,74","(+2,51%)",11:28:32
2024-11-01 11:30:32,"71,00","+1,74","(+2,51%)",11:28:32
2024-11-01 11:30:43,"71,00","+1,74","(+2,51%)",11:29:46
2024-11-01 11:30:55,"71,00","+1,74","(+2,51%)",11:29:46
2024-11-01 11:31:06,"71,00","+1,74","(+2,51%)",11:29:46
2024-11-01 11:31:18,"71,00","+1,74","(+2,51%)",11:29:46
2024-11-01 11:31:30,"71,00","+1,74","(+2,51%)",11:29:46
2024-11-01 11:31:42,"71,00","+1,74","(+2,51%)",11:29:46
2024-11-01 11:31:54,"70,84","+1,58","(+2,28%)",11:30:46
2024-11-01 11:32:06,"70,84","+1,58","(+2,28%)",11:30:46
2024-11-01 11:32:19,"70,84","+1,58","(+2,28%)",11:30:46
2024-11-01 11:32:30,"70,79","+1,53","(+2,21%)",11:32:01
2024-11-01 11:32:43,"70,79","+1,53","(+2,21%)",11:32:01
2024-11-01 11:32:55,"70,79","+1,53","(+2,21%)",11:32:01
2024-11-01 11:33:07,"70,79","+1,53","(+2,21%)",11:32:01
2024-11-01 11:33:19,"70,79","+1,53","(+2,21%)",11:32:01
2024-11-01 11:33:31,"70,79","+1,53","(+2,21%)",11:32:01
2024-11-01 11:33:43,"70,78","+1,52","(+2,19%)",11:32:49
2024-11-01 11:33:55,"70,78","+1,52","(+2,19%)",11:32:49
2024-11-01 11:34:07,"70,78","+1,52","(+2,19%)",11:32:49
2024-11-01 11:34:19,"70,78","+1,52","(+2,19%)",11:32:49
2024-11-01 11:34:31,"70,78","+1,52","(+2,19%)",11:32:49
2024-11-01 11:34:43,"70,78","+1,52","(+2,19%)",11:32:49
2024-11-01 11:34:56,"70,75","+1,49","(+2,15%)",11:34:05
2024-11-01 11:35:11,"70,75","+1,49","(+2,15%)",11:34:05
2024-11-01 11:36:22,"70,78","+1,52","(+2,19%)",11:36:19
2024-11-01 11:36:34,"70,81","+1,55","(+2,24%)",11:34:52
2024-11-01 11:36:46,"70,77","+1,51","(+2,18%)",11:36:04
2024-11-01 11:36:57,"70,77","+1,51","(+2,18%)",11:36:04
2024-11-01 11:37:09,"70,77","+1,51","(+2,18%)",11:36:04
2024-11-01 11:37:21,"70,77","+1,51","(+2,18%)",11:36:04
2024-11-01 11:37:33,"70,77","+1,51","(+2,18%)",11:36:04
2024-11-01 11:37:45,"70,77","+1,51","(+2,18%)",11:36:04
2024-11-01 11:37:57,"70,75","+1,49","(+2,15%)",11:36:48
2024-11-01 11:38:09,"70,75","+1,49","(+2,15%)",11:36:48
2024-11-01 11:38:21,"70,75","+1,49","(+2,15%)",11:36:48
2024-11-01 11:38:33,"70,75","+1,49","(+2,15%)",11:36:48
2024-11-01 11:38:45,"70,75","+1,49","(+2,15%)",11:36:48
2024-11-01 11:38:57,"70,75","+1,49","(+2,15%)",11:36:48
2024-11-01 11:39:09,"70,78","+1,52","(+2,19%)",11:38:11
2024-11-01 11:39:22,"70,78","+1,52","(+2,19%)",11:38:11
2024-11-01 11:39:35,"70,78","+1,52","(+2,19%)",11:38:11
2024-11-01 11:39:47,"70,79","+1,53","(+2,21%)",11:38:54
2024-11-01 11:39:59,"70,79","+1,53","(+2,21%)",11:38:54
2024-11-01 11:40:13,"70,79","+1,53","(+2,21%)",11:38:54
2024-11-01 11:40:25,"70,79","+1,53","(+2,21%)",11:38:54
2024-11-01 11:40:38,"70,79","+1,53","(+2,21%)",11:38:54
2024-11-01 11:40:50,"70,79","+1,53","(+2,21%)",11:38:54
2024-11-01 11:41:02,"70,67","+1,41","(+2,04%)",11:40:17
2024-11-01 11:41:14,"70,67","+1,41","(+2,04%)",11:40:17
2024-11-01 11:41:26,"70,67","+1,41","(+2,04%)",11:40:17
2024-11-01 11:41:38,"70,67","+1,41","(+2,04%)",11:40:17
2024-11-01 11:41:57,"70,67","+1,41","(+2,04%)",11:40:17
2024-11-01 11:42:09,"70,67","+1,41","(+2,04%)",11:40:17
2024-11-01 11:42:23,"70,66","+1,40","(+2,02%)",11:41:21
2024-11-01 11:42:53,"70,66","+1,40","(+2,02%)",11:41:21
2024-11-01 11:43:09,"71,00","+1,74","(+2,51%)",11:28:32
2024-11-01 11:43:22,"70,64","+1,38","(+1,99%)",11:42:00
2024-11-01 11:43:34,"70,66","+1,40","(+2,02%)",11:41:21
2024-11-01 11:43:46,"70,69","+1,43","(+2,06%)",11:43:09
2024-11-01 11:43:59,"70,64","+1,38","(+1,99%)",11:42:00
2024-11-01 11:44:11,"70,69","+1,43","(+2,06%)",11:43:09
2024-11-01 11:44:22,"70,69","+1,43","(+2,06%)",11:43:09
2024-11-01 11:44:38,"70,69","+1,43","(+2,06%)",11:43:09
2024-11-01 11:45:04,"70,64","+1,38","(+1,99%)",11:44:12
2024-11-01 11:45:19,"70,64","+1,38","(+1,99%)",11:44:12
2024-11-01 11:45:33,"70,69","+1,43","(+2,06%)",11:43:09
2024-11-01 11:45:46,"70,64","+1,38","(+1,99%)",11:44:12
2024-11-01 11:45:58,"70,64","+1,38","(+1,99%)",11:44:12
2024-11-01 11:46:10,"70,64","+1,38","(+1,99%)",11:44:12
2024-11-01 11:46:22,"70,66","+1,40","(+2,02%)",11:45:32
2024-11-01 11:46:34,"70,64","+1,38","(+1,99%)",11:44:12
2024-11-01 11:46:47,"70,66","+1,40","(+2,02%)",11:45:32
2024-11-01 11:46:58,"70,64","+1,38","(+1,99%)",11:46:26
2024-11-01 11:47:10,"70,66","+1,40","(+2,02%)",11:45:32
2024-11-01 11:47:22,"70,64","+1,38","(+1,99%)",11:46:26
2024-11-01 11:47:36,"70,64","+1,38","(+1,99%)",11:46:26
2024-11-01 11:47:49,"70,64","+1,38","(+1,99%)",11:46:26
2024-11-01 11:48:02,"70,69","+1,43","(+2,06%)",11:47:25
2024-11-01 11:48:15,"70,69","+1,43","(+2,06%)",11:47:25
2024-11-01 11:48:27,"70,69","+1,43","(+2,06%)",11:47:25
2024-11-01 11:48:40,"70,69","+1,43","(+2,06%)",11:47:25
2024-11-01 11:48:52,"70,69","+1,43","(+2,06%)",11:47:25
2024-11-01 11:49:05,"70,69","+1,43","(+2,06%)",11:47:25
2024-11-01 11:49:17,"70,64","+1,38","(+1,99%)",11:46:26
2024-11-01 11:49:29,"70,74","+1,48","(+2,14%)",11:48:33
2024-11-01 11:49:41,"70,74","+1,48","(+2,14%)",11:48:33
2024-11-01 11:49:54,"70,74","+1,48","(+2,14%)",11:48:33
2024-11-01 11:50:07,"70,67","+1,41","(+2,04%)",11:49:34
2024-11-01 11:50:20,"70,67","+1,41","(+2,04%)",11:49:34
2024-11-01 11:50:34,"70,67","+1,41","(+2,04%)",11:49:34
2024-11-01 11:50:46,"70,67","+1,41","(+2,04%)",11:49:34
2024-11-01 11:50:57,"70,67","+1,41","(+2,04%)",11:49:34
2024-11-01 11:51:09,"70,67","+1,41","(+2,04%)",11:49:34
2024-11-01 11:51:21,"70,62","+1,36","(+1,96%)",11:50:17
2024-11-01 11:51:55,"70,62","+1,36","(+1,96%)",11:50:17
2024-11-01 11:52:07,"70,67","+1,41","(+2,04%)",11:51:46
2024-11-01 11:52:19,"70,67","+1,41","(+2,04%)",11:51:46
2024-11-01 11:52:31,"70,67","+1,41","(+2,04%)",11:51:46
2024-11-01 11:52:43,"70,67","+1,41","(+2,04%)",11:51:46
2024-11-01 11:52:55,"70,67","+1,41","(+2,04%)",11:51:46
2024-11-01 11:53:07,"70,67","+1,41","(+2,04%)",11:51:46
2024-11-01 11:53:21,"70,74","+1,48","(+2,14%)",11:48:33
2024-11-01 11:53:32,"70,69","+1,43","(+2,06%)",11:52:33
2024-11-01 11:53:45,"70,69","+1,43","(+2,06%)",11:52:33
2024-11-01 11:53:57,"70,69","+1,43","(+2,06%)",11:52:33
2024-11-01 11:54:09,"70,69","+1,43","(+2,06%)",11:52:33
2024-11-01 11:54:21,"70,75","+1,49","(+2,15%)",11:53:30
2024-11-01 11:54:33,"70,75","+1,49","(+2,15%)",11:53:30
2024-11-01 11:54:44,"70,75","+1,49","(+2,15%)",11:53:30
2024-11-01 11:54:57,"70,75","+1,49","(+2,15%)",11:53:30
2024-11-01 11:55:09,"70,75","+1,49","(+2,15%)",11:53:30
2024-11-01 11:55:21,"70,72","+1,46","(+2,11%)",11:54:45
2024-11-01 11:55:33,"70,72","+1,46","(+2,11%)",11:54:45
2024-11-01 11:55:44,"70,72","+1,46","(+2,11%)",11:54:45
2024-11-01 11:55:56,"70,72","+1,46","(+2,11%)",11:54:45
2024-11-01 11:56:07,"70,72","+1,46","(+2,11%)",11:54:45
2024-11-01 11:56:19,"70,72","+1,46","(+2,11%)",11:54:45
2024-11-01 11:56:30,"70,69","+1,43","(+2,06%)",11:55:38
2024-11-01 11:56:42,"70,69","+1,43","(+2,06%)",11:55:38
2024-11-01 11:56:54,"70,69","+1,43","(+2,06%)",11:55:38
2024-11-01 11:57:07,"70,75","+1,49","(+2,15%)",11:53:30
2024-11-01 11:57:19,"70,67","+1,41","(+2,04%)",11:56:26
2024-11-01 11:57:30,"70,67","+1,41","(+2,04%)",11:56:26
2024-11-01 11:57:42,"70,67","+1,41","(+2,04%)",11:56:26
2024-11-01 11:57:53,"70,67","+1,41","(+2,04%)",11:56:26
2024-11-01 11:58:05,"70,67","+1,41","(+2,04%)",11:56:26
2024-11-01 11:58:17,"70,67","+1,41","(+2,04%)",11:56:26
2024-11-01 11:58:29,"70,67","+1,41","(+2,04%)",11:57:39
2024-11-01 11:58:40,"70,67","+1,41","(+2,04%)",11:57:39
2024-11-01 11:58:51,"70,67","+1,41","(+2,04%)",11:57:39
2024-11-01 11:59:03,"70,67","+1,41","(+2,04%)",11:57:39
2024-11-01 11:59:15,"70,67","+1,41","(+2,04%)",11:57:39
2024-11-01 11:59:26,"70,67","+1,41","(+2,04%)",11:57:39
2024-11-01 11:59:38,"70,65","+1,39","(+2,01%)",11:59:01
2024-11-01 11:59:49,"70,65","+1,39","(+2,01%)",11:59:01
2024-11-01 12:00:01,"70,65","+1,39","(+2,01%)",11:59:01
2024-11-01 12:00:13,"70,65","+1,39","(+2,01%)",11:59:01
2024-11-01 12:00:24,"70,65","+1,39","(+2,01%)",11:59:01
2024-11-01 12:00:35,"70,65","+1,39","(+2,01%)",11:59:01
2024-11-01 12:00:47,"70,65","+1,39","(+2,01%)",11:59:37
2024-11-01 12:00:59,"70,65","+1,39","(+2,01%)",11:59:37
2024-11-01 12:01:11,"70,65","+1,39","(+2,01%)",11:59:37
2024-11-01 12:01:22,"70,64","+1,38","(+1,99%)",12:00:36
2024-11-01 12:01:34,"70,64","+1,38","(+1,99%)",12:00:36
2024-11-01 12:01:45,"70,64","+1,38","(+1,99%)",12:00:36
2024-11-01 12:01:58,"70,64","+1,38","(+1,99%)",12:00:36
2024-11-01 12:02:09,"70,64","+1,38","(+1,99%)",12:00:36
2024-11-01 12:02:20,"70,64","+1,38","(+1,99%)",12:00:36
2024-11-01 12:04:36,"70,60","+1,34","(+1,93%)",12:04:36
2024-11-01 12:04:49,"70,69","+1,43","(+2,06%)",11:55:38
2024-11-01 12:05:01,"70,56","+1,30","(+1,88%)",12:03:45
2024-11-01 12:05:14,"70,56","+1,30","(+1,88%)",12:03:45
2024-11-01 12:05:26,"70,56","+1,30","(+1,88%)",12:03:45
2024-11-01 12:05:38,"70,65","+1,39","(+2,01%)",12:01:42
2024-11-01 12:05:51,"70,62","+1,36","(+1,96%)",12:05:12
2024-11-01 12:06:04,"70,62","+1,36","(+1,96%)",12:05:12
2024-11-01 12:06:17,"70,62","+1,36","(+1,96%)",12:05:12
2024-11-01 12:06:29,"70,62","+1,36","(+1,96%)",12:05:12
2024-11-01 12:06:41,"70,62","+1,36","(+1,96%)",12:05:12
2024-11-01 12:06:55,"70,62","+1,36","(+1,96%)",12:05:12
2024-11-01 12:07:06,"70,62","+1,36","(+1,96%)",12:05:12
2024-11-01 12:07:19,"70,69","+1,43","(+2,06%)",12:06:18
2024-11-01 12:07:31,"70,69","+1,43","(+2,06%)",12:06:18
2024-11-01 12:07:43,"70,69","+1,43","(+2,06%)",12:06:18
2024-11-01 12:07:55,"70,70","+1,44","(+2,08%)",12:07:09
2024-11-01 12:08:07,"70,70","+1,44","(+2,08%)",12:07:09
2024-11-01 12:08:18,"70,70","+1,44","(+2,08%)",12:07:09
2024-11-01 12:08:30,"70,70","+1,44","(+2,08%)",12:07:09
2024-11-01 12:08:42,"70,70","+1,44","(+2,08%)",12:07:09
2024-11-01 12:08:55,"70,69","+1,43","(+2,06%)",12:06:18
2024-11-01 12:09:07,"70,66","+1,40","(+2,02%)",12:08:09
2024-11-01 12:09:20,"70,66","+1,40","(+2,02%)",12:08:09
2024-11-01 12:10:10,"70,75","+1,49","(+2,15%)",12:10:09
2024-11-01 12:10:24,"70,66","+1,40","(+2,02%)",12:08:09
2024-11-01 12:10:38,"70,73","+1,47","(+2,12%)",12:09:08
2024-11-01 12:10:50,"70,73","+1,47","(+2,12%)",12:09:08
2024-11-01 12:11:02,"70,73","+1,47","(+2,12%)",12:09:08
2024-11-01 12:11:16,"70,78","+1,52","(+2,19%)",12:10:18
2024-11-01 12:11:29,"70,78","+1,52","(+2,19%)",12:10:18
2024-11-01 12:11:40,"70,78","+1,52","(+2,19%)",12:10:18
2024-11-01 12:11:52,"70,75","+1,49","(+2,15%)",12:11:06
2024-11-01 12:12:04,"70,75","+1,49","(+2,15%)",12:11:06
2024-11-01 12:12:16,"70,75","+1,49","(+2,15%)",12:11:06
2024-11-01 12:12:28,"70,75","+1,49","(+2,15%)",12:11:06
2024-11-01 12:12:40,"70,75","+1,49","(+2,15%)",12:11:06
2024-11-01 12:12:53,"70,75","+1,49","(+2,15%)",12:11:06
2024-11-01 12:13:04,"70,73","+1,47","(+2,12%)",12:12:29
2024-11-01 12:13:16,"70,73","+1,47","(+2,12%)",12:12:29
2024-11-01 12:13:28,"70,73","+1,47","(+2,12%)",12:12:29
2024-11-01 12:13:39,"70,73","+1,47","(+2,12%)",12:12:29
2024-11-01 12:13:51,"70,73","+1,47","(+2,12%)",12:12:29
2024-11-01 12:14:03,"70,73","+1,47","(+2,12%)",12:12:29
2024-11-01 12:14:15,"70,70","+1,44","(+2,08%)",12:13:24
2024-11-01 12:14:27,"70,70","+1,44","(+2,08%)",12:13:24
2024-11-01 12:14:39,"70,70","+1,44","(+2,08%)",12:13:24
2024-11-01 12:14:51,"70,69","+1,43","(+2,06%)",12:14:17
2024-11-01 12:15:02,"70,69","+1,43","(+2,06%)",12:14:17
2024-11-01 12:15:13,"70,69","+1,43","(+2,06%)",12:14:17
2024-11-01 12:15:25,"70,69","+1,43","(+2,06%)",12:14:17
2024-11-01 12:15:36,"70,69","+1,43","(+2,06%)",12:14:17
2024-11-01 12:15:49,"70,69","+1,43","(+2,06%)",12:14:17
2024-11-01 12:16:01,"70,69","+1,43","(+2,06%)",12:15:29
2024-11-01 12:16:12,"70,69","+1,43","(+2,06%)",12:15:29
2024-11-01 12:16:24,"70,73","+1,47","(+2,12%)",12:09:08
2024-11-01 12:16:37,"70,69","+1,43","(+2,06%)",12:15:29
2024-11-01 12:16:49,"70,69","+1,43","(+2,06%)",12:15:29
2024-11-01 12:17:01,"70,69","+1,43","(+2,06%)",12:15:29
2024-11-01 12:17:13,"70,66","+1,40","(+2,02%)",12:16:04
2024-11-01 12:17:25,"70,66","+1,40","(+2,02%)",12:16:04
2024-11-01 12:17:37,"70,66","+1,40","(+2,02%)",12:16:04
2024-11-01 12:17:49,"70,66","+1,40","(+2,02%)",12:16:04
2024-11-01 12:18:01,"70,66","+1,40","(+2,02%)",12:16:04
2024-11-01 12:18:13,"70,66","+1,40","(+2,02%)",12:16:04
2024-11-01 12:18:24,"70,64","+1,38","(+1,99%)",12:17:04
2024-11-01 12:18:36,"70,64","+1,38","(+1,99%)",12:17:04
2024-11-01 12:18:48,"70,64","+1,38","(+1,99%)",12:17:04
2024-11-01 12:19:00,"70,63","+1,37","(+1,98%)",12:18:24
2024-11-01 12:19:12,"70,63","+1,37","(+1,98%)",12:18:24
2024-11-01 12:19:28,"70,60","+1,34","(+1,93%)",12:19:28
2024-11-01 12:19:40,"70,63","+1,37","(+1,98%)",12:18:24
2024-11-01 12:19:52,"70,63","+1,37","(+1,98%)",12:18:24
2024-11-01 12:20:04,"70,63","+1,37","(+1,98%)",12:18:24
2024-11-01 12:20:16,"70,61","+1,35","(+1,95%)",12:19:06
2024-11-01 12:20:28,"70,61","+1,35","(+1,95%)",12:19:06
2024-11-01 12:20:39,"70,61","+1,35","(+1,95%)",12:19:06
2024-11-01 12:20:51,"70,69","+1,43","(+2,06%)",12:15:29
2024-11-01 12:21:05,"70,60","+1,34","(+1,93%)",12:20:33
2024-11-01 12:21:18,"70,60","+1,34","(+1,93%)",12:20:33
2024-11-01 12:21:29,"70,60","+1,34","(+1,93%)",12:20:33
2024-11-01 12:21:43,"70,60","+1,34","(+1,93%)",12:20:33
2024-11-01 12:21:54,"70,66","+1,40","(+2,02%)",12:21:27
2024-11-01 12:22:06,"70,66","+1,40","(+2,02%)",12:21:27
2024-11-01 12:22:19,"70,66","+1,40","(+2,02%)",12:21:27
2024-11-01 12:22:32,"70,60","+1,34","(+1,93%)",12:20:33
2024-11-01 12:22:45,"70,66","+1,40","(+2,02%)",12:21:27
2024-11-01 12:22:56,"70,66","+1,40","(+2,02%)",12:21:27
2024-11-01 12:23:08,"70,66","+1,40","(+2,02%)",12:21:27
2024-11-01 12:23:20,"70,68","+1,42","(+2,05%)",12:22:28
2024-11-01 12:23:32,"70,68","+1,42","(+2,05%)",12:22:28
2024-11-01 12:23:44,"70,68","+1,42","(+2,05%)",12:22:28
2024-11-01 12:23:56,"70,66","+1,40","(+2,02%)",12:21:27
2024-11-01 12:24:08,"70,67","+1,41","(+2,04%)",12:23:27
2024-11-01 12:24:20,"70,67","+1,41","(+2,04%)",12:23:27
2024-11-01 12:24:32,"70,67","+1,41","(+2,04%)",12:23:27
2024-11-01 12:24:43,"70,67","+1,41","(+2,04%)",12:23:27
2024-11-01 12:24:55,"70,67","+1,41","(+2,04%)",12:23:27
2024-11-01 12:25:07,"70,67","+1,41","(+2,04%)",12:23:27
2024-11-01 12:25:18,"70,66","+1,40","(+2,02%)",12:24:26
2024-11-01 12:25:30,"70,66","+1,40","(+2,02%)",12:24:26
2024-11-01 12:25:43,"70,66","+1,40","(+2,02%)",12:24:26
2024-11-01 12:25:54,"70,67","+1,41","(+2,04%)",12:25:18
2024-11-01 12:26:07,"70,67","+1,41","(+2,04%)",12:25:18
2024-11-01 12:26:19,"70,67","+1,41","(+2,04%)",12:25:18
2024-11-01 12:26:31,"70,67","+1,41","(+2,04%)",12:25:18
2024-11-01 12:26:44,"70,67","+1,41","(+2,04%)",12:25:18
2024-11-01 12:26:56,"70,67","+1,41","(+2,04%)",12:23:27
2024-11-01 12:27:08,"70,62","+1,36","(+1,96%)",12:26:12
2024-11-01 12:27:20,"70,67","+1,41","(+2,04%)",12:25:18
2024-11-01 12:27:32,"70,62","+1,36","(+1,96%)",12:26:12
2024-11-01 12:27:44,"70,62","+1,36","(+1,96%)",12:26:12
2024-11-01 12:27:55,"70,59","+1,33","(+1,92%)",12:27:17
2024-11-01 12:28:07,"70,59","+1,33","(+1,92%)",12:27:17
2024-11-01 12:28:19,"70,62","+1,36","(+1,96%)",12:26:12
2024-11-01 12:28:53,"70,59","+1,33","(+1,92%)",12:27:17
2024-11-01 12:29:05,"70,59","+1,33","(+1,92%)",12:28:27
2024-11-01 12:29:18,"70,59","+1,33","(+1,92%)",12:28:27
2024-11-01 12:29:30,"70,59","+1,33","(+1,92%)",12:28:27
2024-11-01 12:29:42,"70,59","+1,33","(+1,92%)",12:28:27
2024-11-01 12:29:54,"70,59","+1,33","(+1,92%)",12:28:27
2024-11-01 12:30:06,"70,59","+1,33","(+1,92%)",12:28:27
2024-11-01 12:30:18,"70,59","+1,33","(+1,92%)",12:29:20
2024-11-01 12:30:30,"70,59","+1,33","(+1,92%)",12:29:20
2024-11-01 12:30:42,"70,59","+1,33","(+1,92%)",12:29:20
2024-11-01 12:30:55,"70,58","+1,32","(+1,91%)",12:30:07
2024-11-01 12:31:07,"70,58","+1,32","(+1,91%)",12:30:07
2024-11-01 12:31:20,"70,58","+1,32","(+1,91%)",12:30:07
2024-11-01 12:31:32,"70,58","+1,32","(+1,91%)",12:30:07
2024-11-01 12:31:43,"70,58","+1,32","(+1,91%)",12:30:07
2024-11-01 12:31:55,"70,58","+1,32","(+1,91%)",12:30:07
2024-11-01 12:32:08,"70,56","+1,30","(+1,88%)",12:31:12
2024-11-01 12:32:21,"70,56","+1,30","(+1,88%)",12:31:12
2024-11-01 12:32:34,"70,56","+1,30","(+1,88%)",12:31:12
2024-11-01 12:32:46,"70,56","+1,30","(+1,88%)",12:31:12
2024-11-01 12:33:03,"70,56","+1,30","(+1,88%)",12:31:12
2024-11-01 12:33:37,"70,56","+1,30","(+1,88%)",12:31:12
2024-11-01 12:36:58,"70,59","+1,33","(+1,92%)",12:27:17
2024-11-01 12:39:51,"70,54","+1,28","(+1,85%)",12:39:50
2024-11-01 12:41:01,"70,57","+1,31","(+1,89%)",12:40:56
2024-11-01 12:41:15,"70,54","+1,28","(+1,85%)",12:39:23
2024-11-01 12:41:33,"70,57","+1,31","(+1,89%)",12:40:16
2024-11-01 12:41:47,"70,58","+1,32","(+1,91%)",12:33:14
2024-11-01 12:42:00,"70,57","+1,31","(+1,89%)",12:40:16
2024-11-01 12:42:12,"70,57","+1,31","(+1,89%)",12:40:16
2024-11-01 12:42:25,"70,57","+1,31","(+1,89%)",12:40:16
2024-11-01 12:42:39,"70,55","+1,29","(+1,86%)",12:41:09
2024-11-01 12:43:57,"70,60","+1,34","(+1,93%)",12:43:52
2024-11-01 12:44:13,"70,55","+1,29","(+1,86%)",12:41:09
2024-11-01 12:44:26,"70,57","+1,31","(+1,89%)",12:43:26
2024-11-01 12:44:39,"70,57","+1,31","(+1,89%)",12:43:26
2024-11-01 12:44:51,"70,57","+1,31","(+1,89%)",12:43:26
2024-11-01 12:45:04,"70,58","+1,32","(+1,91%)",12:44:28
2024-11-01 12:45:17,"70,58","+1,32","(+1,91%)",12:44:28
2024-11-01 12:47:06,"70,62","+1,36","(+1,96%)",12:46:59
2024-11-01 12:47:19,"70,58","+1,32","(+1,91%)",12:44:28
2024-11-01 12:47:30,"70,60","+1,34","(+1,93%)",12:46:21
2024-11-01 12:47:42,"70,60","+1,34","(+1,93%)",12:46:21
2024-11-01 12:47:54,"70,60","+1,34","(+1,93%)",12:46:21
2024-11-01 12:48:05,"70,61","+1,35","(+1,95%)",12:47:24
2024-11-01 12:48:17,"70,61","+1,35","(+1,95%)",12:47:24
2024-11-01 12:48:29,"70,61","+1,35","(+1,95%)",12:47:24
2024-11-01 12:48:41,"70,61","+1,35","(+1,95%)",12:47:24
2024-11-01 12:48:53,"70,61","+1,35","(+1,95%)",12:47:24
2024-11-01 12:49:05,"70,61","+1,35","(+1,95%)",12:47:24
2024-11-01 12:49:16,"70,61","+1,35","(+1,95%)",12:48:44
2024-11-01 12:49:28,"70,61","+1,35","(+1,95%)",12:48:44
2024-11-01 12:49:40,"70,61","+1,35","(+1,95%)",12:48:44
2024-11-01 12:49:52,"70,61","+1,35","(+1,95%)",12:48:44
2024-11-01 12:50:04,"70,61","+1,35","(+1,95%)",12:48:44
2024-11-01 12:50:16,"70,61","+1,35","(+1,95%)",12:48:44
2024-11-01 12:50:28,"70,55","+1,29","(+1,86%)",12:41:09
2024-11-01 12:50:39,"70,62","+1,36","(+1,96%)",12:49:44
2024-11-01 12:50:51,"70,62","+1,36","(+1,96%)",12:49:44
2024-11-01 12:51:03,"70,62","+1,36","(+1,96%)",12:49:44
2024-11-01 12:51:14,"70,66","+1,40","(+2,02%)",12:50:50
2024-11-01 12:51:26,"70,62","+1,36","(+1,96%)",12:49:44
2024-11-01 12:51:38,"70,66","+1,40","(+2,02%)",12:50:50
2024-11-01 12:51:50,"70,66","+1,40","(+2,02%)",12:50:50
2024-11-01 12:52:01,"70,66","+1,40","(+2,02%)",12:50:50
2024-11-01 12:52:13,"70,66","+1,40","(+2,02%)",12:50:50
2024-11-01 12:52:25,"70,66","+1,40","(+2,02%)",12:50:50
2024-11-01 12:52:37,"70,72","+1,46","(+2,11%)",12:51:44
2024-11-01 12:52:49,"70,72","+1,46","(+2,11%)",12:51:44
2024-11-01 12:53:00,"70,72","+1,46","(+2,11%)",12:51:44
2024-11-01 12:53:13,"70,72","+1,46","(+2,11%)",12:51:44
2024-11-01 12:53:24,"70,72","+1,46","(+2,11%)",12:51:44
2024-11-01 12:53:36,"70,76","+1,50","(+2,17%)",12:52:36
2024-11-01 12:53:48,"70,76","+1,50","(+2,17%)",12:52:36
2024-11-01 12:54:00,"70,76","+1,50","(+2,17%)",12:52:36
2024-11-01 12:54:12,"70,76","+1,50","(+2,17%)",12:52:36
2024-11-01 12:54:23,"70,76","+1,50","(+2,17%)",12:52:36
2024-11-01 12:54:35,"70,76","+1,50","(+2,17%)",12:52:36
2024-11-01 12:54:47,"70,73","+1,47","(+2,12%)",12:53:37
2024-11-01 12:54:58,"70,73","+1,47","(+2,12%)",12:53:37
2024-11-01 12:55:10,"70,73","+1,47","(+2,12%)",12:53:37
2024-11-01 12:55:22,"70,75","+1,49","(+2,15%)",12:54:49
2024-11-01 12:55:33,"70,66","+1,40","(+2,02%)",12:50:50
2024-11-01 12:55:45,"70,75","+1,49","(+2,15%)",12:54:49
2024-11-01 12:55:57,"70,75","+1,49","(+2,15%)",12:54:49
2024-11-01 12:56:09,"70,75","+1,49","(+2,15%)",12:54:49
2024-11-01 12:56:21,"70,75","+1,49","(+2,15%)",12:54:49
2024-11-01 12:56:32,"70,79","+1,53","(+2,21%)",12:55:32
2024-11-01 12:56:44,"70,79","+1,53","(+2,21%)",12:55:32
2024-11-01 12:56:56,"70,79","+1,53","(+2,21%)",12:55:32
2024-11-01 12:57:07,"70,79","+1,53","(+2,21%)",12:55:32
2024-11-01 12:57:19,"70,79","+1,53","(+2,21%)",12:55:32
2024-11-01 12:57:31,"70,79","+1,53","(+2,21%)",12:55:32
2024-11-01 12:58:05,"70,75","+1,49","(+2,15%)",12:54:49
2024-11-01 12:58:16,"70,75","+1,49","(+2,15%)",12:57:14
2024-11-01 12:58:28,"70,75","+1,49","(+2,15%)",12:57:14
2024-11-01 12:58:40,"70,75","+1,49","(+2,15%)",12:57:14
2024-11-01 12:58:51,"70,78","+1,52","(+2,19%)",12:58:28
2024-11-01 12:59:03,"70,78","+1,52","(+2,19%)",12:58:28
2024-11-01 12:59:15,"70,78","+1,52","(+2,19%)",12:58:28
2024-11-01 12:59:27,"70,78","+1,52","(+2,19%)",12:58:28
2024-11-01 12:59:38,"70,78","+1,52","(+2,19%)",12:58:28
2024-11-01 12:59:51,"70,78","+1,52","(+2,19%)",12:58:28
2024-11-01 13:00:02,"70,77","+1,51","(+2,18%)",12:59:06
2024-11-01 13:00:14,"70,77","+1,51","(+2,18%)",12:59:06
2024-11-01 13:00:26,"70,77","+1,51","(+2,18%)",12:59:06
2024-11-01 13:00:37,"70,76","+1,50","(+2,17%)",12:59:36
2024-11-01 13:00:49,"70,76","+1,50","(+2,17%)",12:59:36
2024-11-01 13:01:01,"70,76","+1,50","(+2,17%)",12:59:36
2024-11-01 13:01:12,"70,76","+1,50","(+2,17%)",12:59:36
2024-11-01 13:01:24,"70,76","+1,50","(+2,17%)",12:59:36
2024-11-01 13:01:36,"70,76","+1,50","(+2,17%)",12:59:36
2024-11-01 13:01:48,"70,76","+1,50","(+2,17%)",12:56:28
2024-11-01 13:01:59,"70,78","+1,52","(+2,19%)",13:00:21
2024-11-01 13:02:11,"70,78","+1,52","(+2,19%)",13:00:21
2024-11-01 13:02:23,"70,78","+1,52","(+2,19%)",13:00:21
2024-11-01 13:02:35,"70,85","+1,59","(+2,30%)",13:01:44
2024-11-01 13:02:47,"70,85","+1,59","(+2,30%)",13:01:44
2024-11-01 13:02:58,"70,85","+1,59","(+2,30%)",13:01:44
2024-11-01 13:03:10,"70,85","+1,59","(+2,30%)",13:01:44
2024-11-01 13:03:22,"70,85","+1,59","(+2,30%)",13:01:44
2024-11-01 13:03:34,"70,85","+1,59","(+2,30%)",13:01:44
2024-11-01 13:03:46,"70,91","+1,65","(+2,38%)",13:02:52
2024-11-01 13:03:58,"70,91","+1,65","(+2,38%)",13:02:52
2024-11-01 13:04:09,"70,91","+1,65","(+2,38%)",13:02:52
2024-11-01 13:04:21,"70,91","+1,65","(+2,38%)",13:02:52
2024-11-01 13:04:33,"70,91","+1,65","(+2,38%)",13:02:52
2024-11-01 13:04:45,"70,91","+1,65","(+2,38%)",13:02:52
2024-11-01 13:04:57,"70,87","+1,61","(+2,32%)",13:04:12
2024-11-01 13:05:09,"70,87","+1,61","(+2,32%)",13:04:12
2024-11-01 13:05:20,"70,87","+1,61","(+2,32%)",13:04:12
2024-11-01 13:05:32,"70,87","+1,61","(+2,32%)",13:05:06
2024-11-01 13:05:44,"70,87","+1,61","(+2,32%)",13:05:06
2024-11-01 13:05:56,"70,87","+1,61","(+2,32%)",13:05:06
2024-11-01 13:06:08,"70,87","+1,61","(+2,32%)",13:05:06
2024-11-01 13:06:19,"70,87","+1,61","(+2,32%)",13:05:06
2024-11-01 13:06:31,"70,87","+1,61","(+2,32%)",13:05:06
2024-11-01 13:06:44,"70,83","+1,57","(+2,27%)",13:06:03
2024-11-01 13:06:56,"70,83","+1,57","(+2,27%)",13:06:03
2024-11-01 13:07:08,"70,83","+1,57","(+2,27%)",13:06:03
2024-11-01 13:07:20,"70,83","+1,57","(+2,27%)",13:06:03
2024-11-01 13:07:31,"70,83","+1,57","(+2,27%)",13:06:03
2024-11-01 13:07:43,"70,83","+1,57","(+2,27%)",13:06:03
2024-11-01 13:07:55,"70,88","+1,62","(+2,34%)",13:07:05
2024-11-01 13:08:07,"70,88","+1,62","(+2,34%)",13:07:05
2024-11-01 13:08:18,"70,88","+1,62","(+2,34%)",13:07:05
2024-11-01 13:08:30,"70,88","+1,62","(+2,34%)",13:07:05
2024-11-01 13:08:42,"70,88","+1,62","(+2,34%)",13:07:05
2024-11-01 13:08:53,"70,88","+1,62","(+2,34%)",13:07:05
