Timestamp,Prix actuel,Changement,Changement (%),Heure de mise à jour,Prédiction du prochain prix,Prédiction pour 5 minutes
2024-12-03 15:38:32,6911.0,"+1,01","(+1,48%)",15:27:19,6911.0,6911.0
2024-12-03 15:38:42,6878.0,"+0,68","(+1,00%)",15:38:41,6845.246707624163,5895.401228724875
2024-12-03 15:38:52,6877.0,"+0,67","(+0,98%)",15:38:51,6854.805006789377,6365.821792390968
2024-12-03 15:39:02,6875.0,"+0,65","(+0,95%)",15:39:01,6858.089927461497,6544.551767664088
2024-12-03 15:39:13,6877.0,"+0,67","(+0,98%)",15:39:11,6862.357278104052,6658.028389451636
2024-12-03 15:39:23,6877.0,"+0,67","(+0,98%)",15:39:22,6865.037990731525,6721.083007409342
2024-12-03 15:39:33,6878.0,"+0,68","(+1,00%)",15:39:24,6867.453335876094,6763.57908268472
2024-12-03 15:39:43,6878.0,"+0,68","(+1,00%)",15:39:42,6869.123814423583,6790.622998299068
2024-12-03 15:39:53,6882.0,"+0,72","(+1,06%)",15:39:46,6872.117844041687,6818.460322839065
2024-12-03 15:40:04,6883.0,"+0,73","(+1,07%)",15:40:03,6874.59630501577,6838.314804892878
2024-12-03 15:40:14,6883.0,"+0,73","(+1,07%)",15:40:06,6883.037940667947,6904.884958821249
2024-12-03 15:40:28,6885.0,"+0,75","(+1,10%)",15:40:25,6885.5471411109565,6914.782390035021
2024-12-03 15:40:39,6883.0,"+0,73","(+1,07%)",15:40:38,6886.064410248361,6915.1401715193515
2024-12-03 15:40:49,6883.0,"+0,73","(+1,07%)",15:40:48,6885.738888490453,6909.541103960074
2024-12-03 15:41:00,6882.0,"+0,72","(+1,06%)",15:40:57,6885.122822401832,6903.307071522115
2024-12-03 15:41:10,6886.0,"+0,76","(+1,12%)",15:41:06,6885.749368985554,6902.780040951369
2024-12-03 15:41:20,6887.0,"+0,77","(+1,13%)",15:41:20,6886.458268359482,6902.724449739715
2024-12-03 15:41:30,6891.0,"+0,81","(+1,19%)",15:41:27,6888.128799378054,6906.448423950675
2024-12-03 15:41:40,6892.0,"+0,82","(+1,20%)",15:41:40,6890.41136328283,6915.475747037347
2024-12-03 15:41:50,6892.0,"+0,82","(+1,20%)",15:41:49,6892.386454535645,6923.254015481368
2024-12-03 15:42:00,6892.0,"+0,82","(+1,20%)",15:41:59,6893.8588191658555,6928.003905240087
2024-12-03 15:42:10,6890.0,"+0,80","(+1,17%)",15:42:09,6894.346803792332,6928.504589399338
2024-12-03 15:42:20,6892.0,"+0,82","(+1,20%)",15:42:19,6894.771222111586,6926.513220384476
2024-12-03 15:42:31,6894.0,"+0,84","(+1,23%)",15:42:29,6895.396054409606,6924.672640063978
2024-12-03 15:42:41,6897.0,"+0,87","(+1,28%)",15:42:39,6896.199507284079,6921.808763367217
2024-12-03 15:42:51,6897.0,"+0,87","(+1,28%)",15:42:49,6897.062775151606,6921.446568721475
2024-12-03 15:43:01,6895.0,"+0,85","(+1,23%)",15:43:01,6896.664005848198,6914.77520708346
2024-12-03 15:43:11,6895.0,"+0,85","(+1,25%)",15:43:09,6896.796388922589,6913.510715771195
2024-12-03 15:43:21,6897.0,"+0,87","(+1,28%)",15:43:17,6897.728431426994,6916.6959340961
2024-12-03 15:43:31,6895.0,"+0,85","(+1,25%)",15:43:31,6897.5304165760135,6913.871183559911
2024-12-03 15:43:41,6897.0,"+0,87","(+1,28%)",15:43:38,6897.928318942859,6913.740299029533
2024-12-03 15:43:52,6896.0,"+0,86","(+1,26%)",15:43:50,6897.064634831027,6905.229314315993
2024-12-03 15:44:02,6893.0,"+0,83","(+1,22%)",15:43:58,6895.134445242283,6892.703090974641
2024-12-03 15:44:12,6900.0,"+0,90","(+1,32%)",15:44:11,6896.466114923454,6897.855973413033
2024-12-03 15:44:22,6897.0,"+0,87","(+1,28%)",15:44:20,6896.997253706129,6901.163096867723
2024-12-03 15:44:32,6900.0,"+0,90","(+1,32%)",15:44:32,6898.724893040272,6910.358045176765
2024-12-03 15:44:42,6902.0,"+0,92","(+1,35%)",15:44:40,6900.520743897265,6917.891401924994
2024-12-03 15:44:52,6903.0,"+0,93","(+1,37%)",15:44:50,6902.252436251699,6924.506914096575
2024-12-03 15:45:02,6903.0,"+0,93","(+1,37%)",15:45:00,6903.987133353163,6932.19390532515
2024-12-03 15:45:12,6905.0,"+0,95","(+1,40%)",15:45:10,6905.590018240045,6936.941561420671
2024-12-03 15:45:22,6905.0,"+0,95","(+1,40%)",15:45:17,6907.056053625229,6941.912763197867
2024-12-03 15:45:33,6903.0,"+0,93","(+1,37%)",15:45:28,6906.927979930302,6937.410900456569
2024-12-03 15:45:43,6900.0,"+0,90","(+1,32%)",15:45:41,6904.32840233144,6917.553737412821
2024-12-03 15:45:53,6900.0,"+0,90","(+1,32%)",15:45:52,6903.128699185807,6910.079887801019
2024-12-03 15:46:03,6898.0,"+0,88","(+1,29%)",15:46:02,6900.335104475264,6892.145860679015
2024-12-03 15:46:13,6900.0,"+0,90","(+1,32%)",15:46:04,6899.071989345924,6884.269180613942
2024-12-03 15:46:23,6897.0,"+0,87","(+1,28%)",15:46:22,6897.142771882754,6874.852343823536
2024-12-03 15:46:33,6900.0,"+0,90","(+1,32%)",15:46:32,6897.0081687497395,6875.576792604253
2024-12-03 15:46:43,6897.0,"+0,87","(+1,28%)",15:46:42,6895.873864702924,6871.642273455031
2024-12-03 15:46:53,6900.0,"+0,90","(+1,32%)",15:46:47,6896.870411797653,6880.473813974441
2024-12-03 15:47:03,6900.0,"+0,90","(+1,32%)",15:46:47,6898.201085478739,6891.406082500296
2024-12-03 15:47:13,6901.0,"+0,91","(+1,34%)",15:47:13,6899.734058951949,6902.005349189258
2024-12-03 15:47:23,6897.0,"+0,87","(+1,28%)",15:47:22,6899.0004165714045,6899.002596200593
2024-12-03 15:47:34,6899.0,"+0,89","(+1,31%)",15:47:33,6899.266191670546,6901.182223460051
2024-12-03 15:47:44,6900.0,"+0,90","(+1,32%)",15:47:43,6899.466370222711,6901.382984301043
2024-12-03 15:47:54,6901.0,"+0,91","(+1,34%)",15:47:47,6900.464204695738,6907.077654622329
2024-12-03 15:48:04,6900.0,"+0,90","(+1,32%)",15:48:02,6900.198726123489,6903.854433069339
2024-12-03 15:48:14,6900.0,"+0,90","(+1,32%)",15:48:10,6900.531431422596,6905.928457761405
2024-12-03 15:48:24,6903.0,"+0,93","(+1,37%)",15:48:24,6901.264226862746,6907.356453101668
2024-12-03 15:48:34,6900.0,"+0,90","(+1,32%)",15:48:30,6901.198333384667,6906.947699278228
2024-12-03 15:48:44,6900.0,"+0,90","(+1,32%)",15:48:30,6901.131704098008,6906.533052378755
2024-12-03 15:48:54,6898.0,"+0,88","(+1,29%)",15:48:52,6900.532596353266,6904.3676808975215
2024-12-03 15:49:04,6900.0,"+0,90","(+1,32%)",15:49:02,6899.867402581476,6898.649655141724
2024-12-03 15:49:14,6903.0,"+0,93","(+1,37%)",15:49:10,6900.733971208459,6901.957967559618
2024-12-03 15:49:25,6903.0,"+0,93","(+1,37%)",15:49:24,6901.602663342455,6905.792918159201
2024-12-03 15:49:35,6902.0,"+0,92","(+1,35%)",15:49:32,6902.1351261218115,6908.5810955659235
2024-12-03 15:49:45,6902.0,"+0,92","(+1,35%)",15:49:44,6902.333602957732,6908.775406874409
2024-12-03 15:49:55,6897.0,"+0,87","(+1,28%)",15:49:54,6900.404019285984,6898.335155407372
2024-12-03 15:50:05,6894.0,"+0,84","(+1,23%)",15:50:00,6898.273641840669,6889.778613840774
2024-12-03 15:50:15,6896.0,"+0,86","(+1,26%)",15:50:14,6896.745714677919,6882.350373945994
2024-12-03 15:50:25,6896.0,"+0,86","(+1,26%)",15:50:23,6895.480785636631,6876.56569383425
2024-12-03 15:50:35,6895.0,"+0,85","(+1,25%)",15:50:35,6893.551075339544,6866.101256575174
2024-12-03 15:50:45,6896.0,"+0,86","(+1,26%)",15:50:44,6892.746641642969,6863.1685107156945
2024-12-03 15:50:56,6898.0,"+0,88","(+1,29%)",15:50:51,6893.80707729361,6872.386260898856
2024-12-03 15:51:06,6898.0,"+0,88","(+1,29%)",15:51:04,6895.203501886688,6883.7064595033535
2024-12-03 15:51:16,6898.0,"+0,88","(+1,29%)",15:51:13,6896.666601588541,6894.922072438282
2024-12-03 15:51:26,6902.0,"+0,92","(+1,35%)",15:51:24,6899.995459835114,6915.666485232887
2024-12-03 15:51:36,6903.0,"+0,93","(+1,37%)",15:51:33,6902.394295712835,6927.470975182721
2024-12-03 15:51:46,6902.0,"+0,92","(+1,35%)",15:51:46,6903.1921504139655,6928.266578313772
2024-12-03 15:51:56,6898.0,"+0,88","(+1,29%)",15:51:56,6902.394076821255,6922.245296473619
2024-12-03 15:52:06,6892.0,"+0,82","(+1,20%)",15:52:05,6899.065959162509,6903.596980254425
2024-12-03 15:52:16,6892.0,"+0,82","(+1,20%)",15:52:05,6895.739754129499,6884.432939692179
2024-12-03 15:52:26,6891.0,"+0,81","(+1,19%)",15:52:18,6892.478386040443,6866.719050669505
2024-12-03 15:52:36,6891.0,"+0,81","(+1,19%)",15:52:18,6890.081471823912,6855.432405706372
2024-12-03 15:52:47,6891.0,"+0,81","(+1,19%)",15:52:18,6888.149677078502,6847.0322287323415
2024-12-03 15:52:57,6891.0,"+0,81","(+1,19%)",15:52:18,6886.682514273276,6841.529124276998
2024-12-03 15:53:07,6889.0,"+0,79","(+1,16%)",15:53:01,6885.946220224091,6843.738710940365
2024-12-03 15:53:17,6888.0,"+0,78","(+1,15%)",15:53:15,6885.940856713994,6851.579440554955
2024-12-03 15:53:27,6889.0,"+0,79","(+1,16%)",15:53:23,6887.069401302269,6865.449508348889
2024-12-03 15:53:37,6891.0,"+0,81","(+1,16%)",15:53:37,6888.802192133498,6879.917408755881
2024-12-03 15:53:47,6889.0,"+0,82","(+1,20%)",15:53:47,6888.600323761491,6880.248118545809
2024-12-03 15:53:57,6889.0,"+0,79","(+1,16%)",15:53:55,6888.6010814018,6881.8235140112865
2024-12-03 15:54:08,6890.0,"+0,80","(+1,17%)",15:54:07,6888.935452469024,6884.4307207478305
2024-12-03 15:54:18,6888.0,"+0,78","(+1,15%)",15:54:15,6888.536437238198,6883.512513185655
2024-12-03 15:54:28,6889.0,"+0,79","(+1,16%)",15:54:25,6888.735186797524,6885.7918823297705
2024-12-03 15:54:38,6889.0,"+0,79","(+1,16%)",15:54:35,6889.066386974583,6888.891082122842
2024-12-03 15:54:48,6892.0,"+0,82","(+1,20%)",15:54:47,6890.195121877743,6894.3453077324975
2024-12-03 15:54:58,6894.0,"+0,84","(+1,23%)",15:54:55,6891.658447885179,6900.312596619236
2024-12-03 15:55:08,6895.0,"+0,85","(+1,25%)",15:55:07,6893.3880767129685,6907.942505662869
2024-12-03 15:55:18,6899.0,"+0,89","(+1,31%)",15:55:14,6896.8491109237075,6925.321202143836
2024-12-03 15:55:28,6897.0,"+0,87","(+1,28%)",15:55:25,6898.45168607989,6931.113531733339
2024-12-03 15:55:39,6900.0,"+0,90","(+1,32%)",15:55:35,6900.717385090071,6939.484976253304
2024-12-03 15:55:49,6902.0,"+0,92","(+1,35%)",15:55:46,6903.31276861192,6949.386098525852
2024-12-03 15:55:59,6897.0,"+0,87","(+1,28%)",15:55:58,6902.585559879594,6940.151331319276
2024-12-03 15:56:09,6895.0,"+0,85","(+1,25%)",15:56:09,6900.723985935104,6925.424643435662
2024-12-03 15:56:19,6898.0,"+0,88","(+1,29%)",15:56:16,6899.661178928702,6914.104769214871
2024-12-03 15:56:29,6897.0,"+0,87","(+1,28%)",15:56:24,6898.397951808952,6903.62068024564
2024-12-03 15:56:39,6894.0,"+0,84","(+1,23%)",15:56:38,6896.134050974754,6889.516249864406
2024-12-03 15:56:49,6895.0,"+0,85","(+1,25%)",15:56:48,6894.537431355708,6879.566978820148
2024-12-03 15:56:59,6894.0,"+0,84","(+1,23%)",15:56:58,6893.605316675059,6876.368702601713
2024-12-03 15:57:10,6895.0,"+0,85","(+1,25%)",15:57:05,6892.870124379045,6872.86220868147
2024-12-03 15:57:20,6898.0,"+0,90","(+1,32%)",15:57:20,6894.270427577937,6882.640126293131
2024-12-03 15:57:30,6897.0,"+0,87","(+1,28%)",15:57:29,6895.935677969593,6895.599936903275
2024-12-03 15:57:40,6898.0,"+0,88","(+1,29%)",15:57:40,6897.002139113782,6901.701987106834
2024-12-03 15:57:50,6894.0,"+0,84","(+1,23%)",15:57:46,6895.869397778446,6895.188756337677
2024-12-03 15:58:00,6894.0,"+0,84","(+1,23%)",15:57:46,6895.601587087811,6895.609862901748
2024-12-03 15:58:11,6892.0,"+0,82","(+1,20%)",15:58:09,6894.53229953452,6891.581080213975
2024-12-03 15:58:21,6892.0,"+0,82","(+1,20%)",15:58:20,6893.003661395183,6883.140565991968
2024-12-03 15:58:31,6892.0,"+0,82","(+1,20%)",15:58:28,6891.87648852399,6877.69558919691
2024-12-03 15:58:41,6895.0,"+0,85","(+1,25%)",15:58:38,6891.876119445274,6877.153828448175
2024-12-03 15:58:51,6892.0,"+0,82","(+1,20%)",15:58:45,6890.878652865118,6872.5025956670825
2024-12-03 15:59:01,6893.0,"+0,83","(+1,22%)",15:58:57,6891.274017209389,6877.556210545144
2024-12-03 15:59:11,6892.0,"+0,82","(+1,20%)",15:59:07,6891.337518254874,6880.554520021158
2024-12-03 15:59:21,6897.0,"+0,87","(+1,28%)",15:59:16,6893.993676540446,6897.621485725426
2024-12-03 15:59:31,6898.0,"+0,88","(+1,29%)",15:59:26,6896.056237052345,6908.388777850883
2024-12-03 15:59:41,6897.0,"+0,87","(+1,28%)",15:59:31,6897.460184298313,6915.583013135715
2024-12-03 15:59:51,6897.0,"+0,87","(+1,28%)",15:59:48,6898.127427118866,6917.129461093504
2024-12-03 16:00:01,6896.0,"+0,86","(+1,26%)",16:00:00,6898.061593404224,6914.628005084528
2024-12-03 16:00:12,6898.0,"+0,88","(+1,29%)",16:00:09,6898.529775847599,6914.398610143992
2024-12-03 16:00:22,6900.0,"+0,90","(+1,32%)",16:00:17,6900.196171923174,6922.166392425312
2024-12-03 16:00:32,6904.0,"+0,94","(+1,38%)",16:00:31,6902.329168180133,6929.178165370791
2024-12-03 16:00:42,6898.0,"+0,88","(+1,29%)",16:00:42,6901.529374874298,6921.576261912487
2024-12-03 16:00:52,6903.0,"+0,93","(+1,37%)",16:00:52,6902.132393533421,6919.562168386546
2024-12-03 16:01:02,6900.0,"+0,90","(+1,32%)",16:01:02,6902.130445488024,6917.982192456326
2024-12-03 16:01:12,6894.0,"+0,84","(+1,23%)",16:01:12,6899.798710446199,6905.546303671704
2024-12-03 16:01:22,6897.0,"+0,87","(+1,28%)",16:01:22,6898.667591134874,6898.49806318955
2024-12-03 16:01:32,6897.0,"+0,87","(+1,28%)",16:01:32,6897.537135295568,6891.452715053911
2024-12-03 16:01:42,6902.0,"+0,92","(+1,35%)",16:01:42,6898.135963651425,6892.043373813316
2024-12-03 16:01:53,6901.0,"+0,91","(+1,34%)",16:01:47,6898.468431713504,6892.547543490353
2024-12-03 16:02:03,6898.0,"+0,88","(+1,29%)",16:02:02,6897.935520287004,6890.272713196189
2024-12-03 16:02:13,6898.0,"+0,88","(+1,29%)",16:02:12,6898.600477037518,6897.556247714716
2024-12-03 16:02:23,6898.0,"+0,88","(+1,29%)",16:02:22,6898.06772003398,6894.234703863763
2024-12-03 16:02:33,6894.0,"+0,84","(+1,23%)",16:02:32,6897.267857024565,6893.958295137917
2024-12-03 16:02:43,6897.0,"+0,87","(+1,28%)",16:02:40,6897.467015038547,6896.770700245146
2024-12-03 16:02:53,6895.0,"+0,85","(+1,25%)",16:02:53,6895.469920283879,6883.796742185747
2024-12-03 16:03:03,6891.0,"+0,81","(+1,19%)",16:03:03,6892.605930239011,6869.087734126367
2024-12-03 16:03:13,6894.0,"+0,84","(+1,20%)",16:03:13,6891.340870282704,6862.774250627365
2024-12-03 16:03:23,6891.0,"+0,81","(+1,19%)",16:03:20,6890.407499188679,6862.7116313320785
2024-12-03 16:03:33,6893.0,"+0,83","(+1,22%)",16:03:28,6890.740449510355,6868.965285368463
2024-12-03 16:03:43,6894.0,"+0,84","(+1,23%)",16:03:43,6891.205984936716,6873.954817164856
2024-12-03 16:03:54,6897.0,"+0,87","(+1,28%)",16:03:53,6893.134814461301,6886.516225833277
2024-12-03 16:04:04,6889.0,"+0,79","(+1,16%)",16:04:03,6891.934975121007,6883.747118558435
2024-12-03 16:04:14,6891.0,"+0,81","(+1,19%)",16:04:12,6891.069446140384,6879.921497716577
2024-12-03 16:04:24,6894.0,"+0,84","(+1,23%)",16:04:21,6892.400669914418,6889.790243483429
2024-12-03 16:04:34,6892.0,"+0,82","(+1,20%)",16:04:32,6892.599907577208,6892.59942437875
2024-12-03 16:04:44,6891.0,"+0,81","(+1,19%)",16:04:42,6891.535399574945,6885.968540215629
2024-12-03 16:04:54,6890.0,"+0,80","(+1,17%)",16:04:51,6890.868900979939,6883.910920377244
2024-12-03 16:05:04,6889.0,"+0,79","(+1,16%)",16:05:04,6889.2729779534975,6875.017548920344
2024-12-03 16:05:14,6888.0,"+0,78","(+1,15%)",16:05:14,6887.941655933868,6869.34126530903
2024-12-03 16:05:25,6888.0,"+0,78","(+1,15%)",16:05:24,6887.208721498917,6867.906332576626
2024-12-03 16:05:35,6889.0,"+0,79","(+1,16%)",16:05:32,6888.0716236411245,6877.463707561741
2024-12-03 16:05:45,6889.0,"+0,79","(+1,16%)",16:05:44,6887.339380051307,6872.8995801354795
2024-12-03 16:05:55,6886.0,"+0,76","(+1,12%)",16:05:53,6885.940994196095,6866.793625817397
2024-12-03 16:06:05,6887.0,"+0,77","(+1,13%)",16:06:01,6886.072257290996,6871.273744233838
2024-12-03 16:06:15,6889.0,"+0,79","(+1,16%)",16:06:13,6886.9362038418485,6878.228887019463
2024-12-03 16:06:25,6889.0,"+0,79","(+1,16%)",16:06:23,6887.734453068729,6884.250638762225
2024-12-03 16:06:35,6889.0,"+0,79","(+1,16%)",16:06:35,6888.399935311833,6888.9229662304415
2024-12-03 16:06:45,6891.0,"+0,81","(+1,19%)",16:06:43,6889.664809453042,6895.762670794394
2024-12-03 16:06:55,6891.0,"+0,81","(+1,19%)",16:06:53,6890.530954094141,6899.590204164314
2024-12-03 16:07:05,6891.0,"+0,81","(+1,19%)",16:07:05,6891.197497846688,6902.171640170638
2024-12-03 16:07:16,6890.0,"+0,80","(+1,17%)",16:07:15,6891.530211243702,6903.718577443421
2024-12-03 16:07:26,6892.0,"+0,82","(+1,20%)",16:07:24,6892.595210927806,6908.782104368579
2024-12-03 16:07:36,6892.0,"+0,82","(+1,20%)",16:07:34,6892.6631050212745,6906.060137612812
2024-12-03 16:07:46,6892.0,"+0,82","(+1,20%)",16:07:45,6892.596369736164,6903.033728488946
2024-12-03 16:07:56,6893.0,"+0,83","(+1,22%)",16:07:48,6893.130183202568,6904.258866883502
2024-12-03 16:08:06,6897.0,"+0,87","(+1,28%)",16:08:05,6894.997669817533,6911.688209897455
2024-12-03 16:08:16,6897.0,"+0,87","(+1,28%)",16:08:16,6896.327646913652,6915.792153547165
2024-12-03 16:08:26,6896.0,"+0,86","(+1,26%)",16:08:25,6897.257834122199,6918.979085148738
2024-12-03 16:08:36,6897.0,"+0,87","(+1,28%)",16:08:35,6898.255320252181,6922.065948412756
2024-12-03 16:08:47,6895.0,"+0,85","(+1,25%)",16:08:45,6898.058175547955,6918.750525764038
2024-12-03 16:08:57,6894.0,"+0,84","(+1,23%)",16:08:53,6896.929626407367,6909.639155914848
2024-12-03 16:09:07,6900.0,"+0,90","(+1,32%)",16:09:06,6898.467574573481,6915.004499615119
2024-12-03 16:09:17,6902.0,"+0,92","(+1,35%)",16:09:16,6900.264186452565,6920.97437757965
2024-12-03 16:09:27,6900.0,"+0,90","(+1,32%)",16:09:24,6900.598797795764,6918.874738889991
2024-12-03 16:09:37,6899.0,"+0,89","(+1,31%)",16:09:36,6900.2658850320595,6913.672673297873
2024-12-03 16:09:47,6899.0,"+0,89","(+1,31%)",16:09:41,6900.5969674884855,6914.695648827605
2024-12-03 16:09:57,6898.0,"+0,88","(+1,29%)",16:09:54,6900.397258225495,6912.934699214629
2024-12-03 16:10:07,6902.0,"+0,92","(+1,35%)",16:10:06,6901.461763275136,6916.434975678435
2024-12-03 16:10:18,6900.0,"+0,90","(+1,32%)",16:10:08,6901.597734350872,6915.707978870724
2024-12-03 16:10:28,6901.0,"+0,91","(+1,34%)",16:10:27,6901.400266595635,6911.333388154979
2024-12-03 16:10:38,6899.0,"+0,89","(+1,31%)",16:10:30,6899.73340822308,6898.338888805335
2024-12-03 16:10:48,6899.0,"+0,89","(+1,31%)",16:10:30,6899.334177603196,6896.3731216874085
2024-12-03 16:10:58,6903.0,"+0,93","(+1,37%)",16:10:53,6901.13040245948,6907.0485258484205
2024-12-03 16:11:08,6905.0,"+0,95","(+1,40%)",16:11:08,6903.1300222849095,6916.883733663689
2024-12-03 16:11:18,6906.0,"+0,96","(+1,41%)",16:11:17,6904.926574630861,6924.421454466624
2024-12-03 16:11:28,6905.0,"+0,95","(+1,40%)",16:11:28,6905.857650245455,6927.095171243066
2024-12-03 16:11:38,6903.0,"+0,93","(+1,37%)",16:11:36,6905.327002519139,6921.1746394382
2024-12-03 16:11:48,6907.0,"+0,97","(+1,42%)",16:11:48,6907.127116071085,6929.778239634088
2024-12-03 16:11:58,6913.0,"+1,03","(+1,51%)",16:11:58,6910.456047278524,6943.742292819936
2024-12-03 16:12:09,6910.0,"+1,00","(+1,47%)",16:12:08,6911.987381988005,6948.585003197749
2024-12-03 16:12:19,6912.0,"+1,02","(+1,50%)",16:12:18,6913.1879463035,6949.267909591918
2024-12-03 16:12:29,6914.0,"+1,04","(+1,53%)",16:12:28,6914.323149796865,6948.491466255839
2024-12-03 16:12:39,6913.0,"+1,03","(+1,51%)",16:12:38,6915.125215931481,6948.260675112765
2024-12-03 16:12:49,6913.0,"+1,03","(+1,51%)",16:12:48,6915.792829752938,6948.222049480021
2024-12-03 16:12:59,6911.0,"+1,01","(+1,48%)",16:12:58,6915.394823343829,6943.0913580931265
2024-12-03 16:13:09,6909.0,"+0,99","(+1,45%)",16:13:08,6913.593526117234,6929.777181526124
2024-12-03 16:13:19,6913.0,"+1,03","(+1,51%)",16:13:18,6912.596042201667,6918.330833788683
2024-12-03 16:13:29,6914.0,"+1,04","(+1,53%)",16:13:28,6912.398598685226,6913.437732207104
2024-12-03 16:13:39,6911.0,"+1,01","(+1,48%)",16:13:36,6912.131983650334,6912.822799436033
2024-12-03 16:13:49,6915.0,"+1,05","(+1,54%)",16:13:48,6912.797855355223,6914.357240526569
2024-12-03 16:13:59,6914.0,"+1,04","(+1,53%)",16:13:58,6913.2636378933485,6916.215378689187
2024-12-03 16:14:10,6912.0,"+1,02","(+1,50%)",16:14:06,6913.33052299338,6917.67985562041
2024-12-03 16:14:20,6912.0,"+1,02","(+1,50%)",16:14:18,6913.26478354113,6917.787997721111
2024-12-03 16:14:30,6909.0,"+0,99","(+1,45%)",16:14:28,6912.065074280115,6912.4056116393995
2024-12-03 16:14:40,6911.0,"+1,01","(+1,48%)",16:14:38,6911.39945782108,6908.256310207789
2024-12-03 16:14:50,6908.0,"+0,98","(+1,44%)",16:14:45,6909.00415086807,6893.846292515748
2024-12-03 16:15:00,6908.0,"+0,98","(+1,44%)",16:14:45,6907.739354773218,6888.578408330051
2024-12-03 16:15:10,6908.0,"+0,98","(+1,44%)",16:15:08,6907.073582813065,6887.56541101726
2024-12-03 16:15:20,6909.0,"+0,99","(+1,45%)",16:15:13,6906.407626827946,6884.459566542212
2024-12-03 16:15:30,6908.0,"+0,98","(+1,44%)",16:15:28,6906.539239582836,6888.941456025984
2024-12-03 16:15:40,6911.0,"+1,01","(+1,48%)",16:15:38,6908.068939608589,6900.053498680606
2024-12-03 16:15:51,6906.0,"+0,96","(+1,41%)",16:15:50,6907.267947572222,6898.20601891409
2024-12-03 16:16:01,6909.0,"+0,99","(+1,45%)",16:15:58,6908.067043284823,6904.758112458694
2024-12-03 16:16:11,6916.0,"+1,06","(+1,56%)",16:16:10,6911.065909292961,6919.776405196153
2024-12-03 16:16:21,6917.0,"+1,07","(+1,57%)",16:16:20,6914.525184895394,6938.194933662151
2024-12-03 16:16:31,6917.0,"+1,07","(+1,57%)",16:16:30,6916.78609968732,6947.586804602217
2024-12-03 16:16:41,6917.0,"+1,07","(+1,57%)",16:16:40,6918.449234653376,6953.256274155516
2024-12-03 16:16:51,6917.0,"+1,07","(+1,57%)",16:16:50,6919.520769589115,6955.196067475098
2024-12-03 16:17:01,6919.0,"+1,09","(+1,60%)",16:17:00,6921.052962436643,6959.515755329623
2024-12-03 16:17:11,6928.0,"+1,18","(+1,73%)",16:17:10,6925.247749115447,6975.2126608313365
2024-12-03 16:17:21,6929.0,"+1,19","(+1,75%)",16:17:19,6929.310172908357,6991.149077069607
2024-12-03 16:17:31,6932.0,"+1,22","(+1,79%)",16:17:31,6932.043803567812,6994.596007435957
2024-12-03 16:17:42,6931.0,"+1,21","(+1,78%)",16:17:41,6933.445550022148,6991.819732124965
2024-12-03 16:17:52,6931.0,"+1,21","(+1,78%)",16:17:44,6935.245728155601,6995.190471020586
2024-12-03 16:18:02,6931.0,"+1,21","(+1,78%)",16:17:54,6936.31374539687,6994.525901757527
2024-12-03 16:18:12,6931.0,"+1,21","(+1,78%)",16:18:10,6936.450026551148,6988.059290759894
2024-12-03 16:18:22,6929.0,"+1,19","(+1,75%)",16:18:21,6934.856264124239,6971.834648532432
2024-12-03 16:18:32,6948.0,"+1,38","(+2,03%)",16:18:30,6940.06555834067,6988.038959760832
2024-12-03 16:18:42,6944.0,"+1,34","(+1,97%)",16:18:40,6942.131146034923,6987.829401166229
2024-12-03 16:18:52,6942.0,"+1,32","(+1,94%)",16:18:48,6944.126465123408,6992.944803196885
2024-12-03 16:19:02,6944.0,"+1,34","(+1,97%)",16:18:58,6946.255258185722,6998.377437563478
2024-12-03 16:19:12,6947.0,"+1,37","(+2,01%)",16:19:11,6949.382360539591,7010.042068178632
2024-12-03 16:19:22,6944.0,"+1,34","(+1,97%)",16:19:21,6950.049774011894,7007.412898444824
2024-12-03 16:19:33,6944.0,"+1,34","(+1,97%)",16:19:32,6949.865586669786,6999.340986884371
2024-12-03 16:19:43,6942.0,"+1,32","(+1,94%)",16:19:37,6947.994665868174,6981.9435344945505
2024-12-03 16:19:53,6944.0,"+1,34","(+1,97%)",16:19:52,6946.197733055397,6963.943261424873
2024-12-03 16:20:03,6942.0,"+1,32","(+1,94%)",16:20:01,6942.200547119206,6932.286323690474
2024-12-03 16:20:13,6945.0,"+1,35","(+1,98%)",16:20:09,6943.598972050775,6942.550477818352
2024-12-03 16:20:23,6944.0,"+1,34","(+1,97%)",16:20:23,6943.732299100867,6943.379335628791
2024-12-03 16:20:33,6945.0,"+1,35","(+1,98%)",16:20:32,6943.7349246419435,6941.832965530335
2024-12-03 16:20:43,6944.0,"+1,34","(+1,97%)",16:20:41,6943.669185615574,6941.422317970609
2024-12-03 16:20:54,6946.0,"+1,36","(+2,00%)",16:20:52,6945.195060109154,6951.433900401999
2024-12-03 16:21:04,6949.0,"+1,39","(+2,04%)",16:21:02,6947.193145634559,6961.241618207494
2024-12-03 16:21:14,6944.0,"+1,34","(+1,97%)",16:21:13,6946.860260800737,6959.183385057704
2024-12-03 16:21:24,6942.0,"+1,32","(+1,94%)",16:21:23,6945.200236065682,6948.859576494394
2024-12-03 16:21:34,6942.0,"+1,32","(+1,94%)",16:21:29,6944.071346747715,6942.875281083137
2024-12-03 16:21:44,6945.0,"+1,35","(+1,98%)",16:21:42,6943.737513015837,6939.2242409183245
2024-12-03 16:21:54,6944.0,"+1,34","(+1,97%)",16:21:49,6943.603624410727,6938.911732098209
2024-12-03 16:22:04,6944.0,"+1,34","(+1,97%)",16:22:03,6943.269906980806,6936.829800517229
2024-12-03 16:22:14,6942.0,"+1,32","(+1,94%)",16:22:13,6942.403585758948,6933.002100196736
2024-12-03 16:22:24,6941.0,"+1,31","(+1,92%)",16:22:23,6941.068149416794,6926.267105127375
2024-12-03 16:22:35,6941.0,"+1,31","(+1,92%)",16:22:31,6940.469296894054,6925.145405364239
2024-12-03 16:22:45,6938.0,"+1,28","(+1,88%)",16:22:41,6939.800677033795,6926.737567578303
2024-12-03 16:22:55,6939.0,"+1,29","(+1,89%)",16:22:52,6938.935686201805,6923.967350334732
2024-12-03 16:23:05,6937.0,"+1,27","(+1,86%)",16:23:03,6937.072909177802,6914.990789454469
2024-12-03 16:23:15,6939.0,"+1,29","(+1,89%)",16:23:09,6936.343556647656,6912.008522083062
2024-12-03 16:23:25,6939.0,"+1,29","(+1,89%)",16:23:25,6936.608738604885,6916.7877290134575
2024-12-03 16:23:35,6939.0,"+1,29","(+1,89%)",16:23:35,6937.006226523238,6921.86895348307
2024-12-03 16:23:45,6941.0,"+1,31","(+1,92%)",16:23:45,6938.53398934101,6932.95665447114
2024-12-03 16:23:55,6934.0,"+1,24","(+1,82%)",16:23:54,6936.9360838374505,6927.184012692217
2024-12-03 16:24:06,6935.0,"+1,25","(+1,84%)",16:24:04,6936.000286910471,6924.5082112750115
2024-12-03 16:24:16,6935.0,"+1,25","(+1,84%)",16:24:12,6935.467816184954,6924.324531381063
2024-12-03 16:24:26,6937.0,"+1,27","(+1,86%)",16:24:25,6935.335548749995,6924.019593507741
2024-12-03 16:24:36,6936.0,"+1,26","(+1,85%)",16:24:34,6935.133490461523,6924.3491140844135
2024-12-03 16:24:46,6936.0,"+1,26","(+1,85%)",16:24:37,6934.604654602868,6921.572552966979
2024-12-03 16:24:56,6936.0,"+1,26","(+1,85%)",16:24:55,6934.671407075455,6923.5549302978225
2024-12-03 16:25:06,6934.0,"+1,24","(+1,82%)",16:25:05,6934.139843218148,6922.849437776125
2024-12-03 16:25:16,6934.0,"+1,24","(+1,82%)",16:25:05,6933.939316814678,6924.208482110688
2024-12-03 16:25:26,6934.0,"+1,24","(+1,82%)",16:25:25,6934.602806740354,6932.002693348251
2024-12-03 16:25:37,6933.0,"+1,23","(+1,81%)",16:25:33,6933.469079428062,6925.470917047802
2024-12-03 16:25:47,6936.0,"+1,26","(+1,85%)",16:25:46,6933.869367638675,6927.435609460291
2024-12-03 16:25:57,6937.0,"+1,27","(+1,86%)",16:25:56,6934.6011106164815,6930.945341450716
2024-12-03 16:26:07,6935.0,"+1,25","(+1,84%)",16:26:06,6934.933934286818,6934.064752278064
2024-12-03 16:26:17,6938.0,"+1,28","(+1,88%)",16:26:12,6936.330335182007,6941.724899937818
2024-12-03 16:26:27,6938.0,"+1,28","(+1,88%)",16:26:26,6937.594275049278,6948.563338114432
2024-12-03 16:26:37,6936.0,"+1,26","(+1,85%)",16:26:36,6937.929109081329,6950.635030624517
2024-12-03 16:26:47,6936.0,"+1,26","(+1,85%)",16:26:43,6937.730256305687,6948.337222177027
2024-12-03 16:26:57,6939.0,"+1,29","(+1,89%)",16:26:55,6938.5979036522485,6951.117201921766
2024-12-03 16:27:08,6939.0,"+1,29","(+1,89%)",16:27:01,6939.130974674004,6951.817509505568
2024-12-03 16:27:18,6938.0,"+1,28","(+1,88%)",16:27:17,6938.665440526621,6946.305331598438
2024-12-03 16:27:28,6940.0,"+1,30","(+1,91%)",16:27:27,6939.462222705544,6949.178382619918
2024-12-03 16:27:38,6936.0,"+1,26","(+1,85%)",16:27:37,6938.663181419276,6944.735985542249
2024-12-03 16:27:48,6936.0,"+1,26","(+1,85%)",16:27:45,6937.403125879896,6936.374525237149
2024-12-03 16:27:58,6938.0,"+1,28","(+1,88%)",16:27:54,6937.668659565655,6938.02729506883
2024-12-03 16:28:08,6937.0,"+1,27","(+1,86%)",16:28:07,6937.536053677882,6937.72454841438
2024-12-03 16:28:18,6936.0,"+1,26","(+1,85%)",16:28:12,6936.537869537872,6931.504566380534
2024-12-03 16:28:28,6941.0,"+1,31","(+1,92%)",16:28:27,6937.533605810512,6935.0921079162945
2024-12-03 16:28:38,6939.0,"+1,29","(+1,89%)",16:28:38,6938.199410403062,6939.242473337957
2024-12-03 16:28:49,6941.0,"+1,31","(+1,92%)",16:28:44,6939.666907755479,6947.333204203086
2024-12-03 16:28:59,6941.0,"+1,31","(+1,92%)",16:28:59,6940.731156842675,6952.395656387784
2024-12-03 16:29:09,6936.0,"+1,26","(+1,85%)",16:29:09,6940.129688430137,6950.74348604068
2024-12-03 16:29:19,6939.0,"+1,29","(+1,89%)",16:29:16,6939.930367614727,6947.9353485988695
2024-12-03 16:29:29,6942.0,"+1,32","(+1,94%)",16:29:26,6940.730918068464,6949.779941112051
2024-12-03 16:29:39,6941.0,"+1,31","(+1,92%)",16:29:38,6941.264328602461,6951.525193121711
2024-12-03 16:29:49,6940.0,"+1,30","(+1,91%)",16:29:43,6940.931805171341,6947.88473342726
2024-12-03 16:29:59,6942.0,"+1,32","(+1,94%)",16:29:58,6940.933447282546,6944.760964247988
2024-12-03 16:30:10,6942.0,"+1,32","(+1,94%)",16:30:08,6941.865840699958,6950.03627997594
2024-12-03 16:30:20,6941.0,"+1,31","(+1,92%)",16:30:19,6941.798858576053,6948.5776673889
2024-12-03 16:30:30,6941.0,"+1,31","(+1,92%)",16:30:27,6942.1295168227925,6950.637420653438
2024-12-03 16:30:40,6944.0,"+1,34","(+1,97%)",16:30:39,6943.660990392367,6958.57986704083
2024-12-03 16:30:50,6945.0,"+1,35","(+1,98%)",16:30:49,6944.060508331534,6956.378519730916
2024-12-03 16:31:00,6945.0,"+1,35","(+1,98%)",16:30:59,6944.659701026469,6956.9808985715235
2024-12-03 16:31:10,6950.0,"+1,40","(+2,06%)",16:31:09,6947.652022282165,6971.43711177191
2024-12-03 16:31:20,6949.0,"+1,39","(+2,04%)",16:31:18,6949.452706088933,6978.4609037230075
2024-12-03 16:31:30,6947.0,"+1,37","(+2,01%)",16:31:28,6949.6551334761325,6976.067180833726
2024-12-03 16:31:41,6951.0,"+1,41","(+2,07%)",16:31:38,6951.520155096214,6982.97926775002
2024-12-03 16:31:51,6950.0,"+1,40","(+2,06%)",16:31:46,6952.3862160722265,6984.202230652642
2024-12-03 16:32:01,6947.0,"+1,37","(+2,01%)",16:32:00,6951.257620402187,6974.04528238269
2024-12-03 16:32:11,6950.0,"+1,40","(+2,06%)",16:32:08,6950.927227758193,6967.281454182726
2024-12-03 16:32:21,6950.0,"+1,40","(+2,06%)",16:32:19,6950.795326692569,6963.322060775779
2024-12-03 16:32:31,6953.0,"+1,43","(+2,10%)",16:32:30,6951.727925880971,6964.9507393581725
2024-12-03 16:32:41,6952.0,"+1,42","(+2,09%)",16:32:41,6951.730534598582,6961.298101535636
2024-12-03 16:32:51,6961.0,"+1,51","(+2,22%)",16:32:50,6956.192034644534,6983.338367685079
2024-12-03 16:33:01,6961.0,"+1,51","(+2,22%)",16:33:00,6959.651360345796,6998.63236355848
2024-12-03 16:33:11,6961.0,"+1,51","(+2,22%)",16:33:11,6961.781251934991,7004.598022565211
2024-12-03 16:33:21,6959.0,"+1,49","(+2,19%)",16:33:20,6963.24814974471,7009.554269405916
2024-12-03 16:33:32,6958.0,"+1,48","(+2,17%)",16:33:30,6963.521070767463,7007.035700561038
2024-12-03 16:33:42,6959.0,"+1,49","(+2,19%)",16:33:37,6962.857841251057,6996.613741001292
2024-12-03 16:33:52,6959.0,"+1,49","(+2,19%)",16:33:50,6962.192823301043,6987.75372159383
2024-12-03 16:34:02,6961.0,"+1,51","(+2,22%)",16:34:00,6961.727698318848,6979.105024945032
2024-12-03 16:34:12,6957.0,"+1,47","(+2,16%)",16:34:12,6959.729341066018,6964.583669050512
2024-12-03 16:34:22,6960.0,"+1,50","(+2,20%)",16:34:19,6958.403382394007,6952.152059677256
2024-12-03 16:34:32,6960.0,"+1,50","(+2,20%)",16:34:19,6958.935115310719,6955.982293365835
2024-12-03 16:34:42,6959.0,"+1,49","(+2,19%)",16:34:36,6959.13371935592,6958.264718489401
2024-12-03 16:34:52,6958.0,"+1,48","(+2,17%)",16:34:52,6959.067066774257,6959.417761133453
2024-12-03 16:35:03,6958.0,"+1,48","(+2,17%)",16:35:00,6958.667983235063,6957.454530889129
2024-12-03 16:35:13,6958.0,"+1,48","(+2,17%)",16:35:12,6958.068060060424,6953.720469162463
2024-12-03 16:35:23,6959.0,"+1,49","(+2,19%)",16:35:20,6958.134742202691,6954.133306108504
2024-12-03 16:35:33,6958.0,"+1,48","(+2,17%)",16:35:28,6957.802021870085,6952.581174573312
2024-12-03 16:35:43,6959.0,"+1,49","(+2,19%)",16:35:42,6958.46685683419,6957.770988907503
2024-12-03 16:35:53,6959.0,"+1,49","(+2,19%)",16:35:51,6958.2013884981525,6955.072664257119
2024-12-03 16:36:03,6959.0,"+1,49","(+2,19%)",16:36:01,6958.600410550506,6958.07977224664
2024-12-03 16:36:13,6961.0,"+1,51","(+2,22%)",16:36:09,6959.86426889764,6965.430160617234
2024-12-03 16:36:23,6958.0,"+1,48","(+2,17%)",16:36:20,6959.598148526225,6964.297616097326
2024-12-03 16:36:34,6961.0,"+1,51","(+2,17%)",16:36:33,6960.330935427359,6967.293395795437
2024-12-03 16:36:44,6957.0,"+1,47","(+2,16%)",16:36:36,6959.266751373901,6961.186511937835
2024-12-03 16:36:54,6962.0,"+1,52","(+2,23%)",16:36:53,6960.2668834484175,6965.322171325434
2024-12-03 16:37:04,6961.0,"+1,51","(+2,22%)",16:36:59,6960.866051760099,6968.01047398839
2024-12-03 16:37:14,6964.0,"+1,54","(+2,26%)",16:37:14,6962.265004968869,6973.589692155104
2024-12-03 16:37:24,6959.0,"+1,49","(+2,19%)",16:37:24,6961.532424286116,6969.022867549014
2024-12-03 16:37:34,6961.0,"+1,51","(+2,22%)",16:37:34,6961.598717251433,6968.39191166782
2024-12-03 16:37:44,6963.0,"+1,53","(+2,25%)",16:37:43,6962.332910652394,6970.86429717825
2024-12-03 16:37:54,6962.0,"+1,54","(+2,26%)",16:37:54,6962.930881393513,6974.064672531596
2024-12-03 16:38:04,6963.0,"+1,53","(+2,25%)",16:38:03,6963.064071615283,6972.285527703832
2024-12-03 16:38:15,6964.0,"+1,54","(+2,26%)",16:38:13,6964.061936772798,6976.933799299202
2024-12-03 16:38:25,6966.0,"+1,56","(+2,29%)",16:38:24,6964.595227831359,6975.55316130745
2024-12-03 16:38:35,6966.0,"+1,56","(+2,29%)",16:38:24,6965.859513653666,6981.3392112644115
2024-12-03 16:38:45,6962.0,"+1,52","(+2,23%)",16:38:43,6964.995922904498,6975.428470999309
2024-12-03 16:38:55,6964.0,"+1,54","(+2,26%)",16:38:53,6965.66244713824,6979.570930619654
2024-12-03 16:39:05,6966.0,"+1,56","(+2,29%)",16:39:05,6965.800001942265,6976.744737962438
2024-12-03 16:39:15,6964.0,"+1,54","(+2,26%)",16:39:13,6965.197921334065,6971.445280661496
2024-12-03 16:39:26,6966.0,"+1,56","(+2,29%)",16:39:23,6965.732867162855,6973.18781650381
2024-12-03 16:39:36,6965.0,"+1,55","(+2,28%)",16:39:34,6965.399591119296,6969.559540024856
2024-12-03 16:39:46,6966.0,"+1,51","(+2,22%)",16:39:46,6965.533140703911,6968.829528529915
2024-12-03 16:39:56,6962.0,"+1,52","(+2,23%)",16:39:56,6964.137846801541,6961.211462887412
2024-12-03 16:40:06,6960.0,"+1,50","(+2,20%)",16:40:05,6962.611335521249,6954.851266147988
2024-12-03 16:40:16,6958.0,"+1,48","(+2,17%)",16:40:12,6960.686669293403,6947.049355229074
2024-12-03 16:40:26,6957.0,"+1,47","(+2,16%)",16:40:24,6957.824982649485,6931.862978883465
2024-12-03 16:40:36,6956.0,"+1,46","(+2,14%)",16:40:36,6955.425872124481,6921.084058029502
2024-12-03 16:40:47,6956.0,"+1,46","(+2,14%)",16:40:44,6954.085956464981,6917.987455539013
2024-12-03 16:40:57,6959.0,"+1,49","(+2,19%)",16:40:57,6954.080747766951,6920.534450807561
2024-12-03 16:41:07,6956.0,"+1,46","(+2,14%)",16:41:06,6953.74687391173,6923.663990184655
2024-12-03 16:41:17,6956.0,"+1,46","(+2,14%)",16:41:17,6953.811307622028,6928.7606880784115
2024-12-03 16:41:27,6956.0,"+1,46","(+2,14%)",16:41:20,6954.740019917226,6939.774778979217
2024-12-03 16:41:37,6956.0,"+1,46","(+2,14%)",16:41:20,6955.269001414697,6946.222601734551
2024-12-03 16:41:47,6958.0,"+1,48","(+2,17%)",16:41:47,6956.467419793067,6954.728524704801
2024-12-03 16:41:57,6960.0,"+1,50","(+2,20%)",16:41:53,6958.065136455894,6963.635900072073
2024-12-03 16:42:07,6964.0,"+1,54","(+2,26%)",16:42:05,6960.862361231472,6977.397403793043
2024-12-03 16:42:17,6962.0,"+1,52","(+2,23%)",16:42:15,6962.127188641815,6982.146934023622
2024-12-03 16:42:28,6966.0,"+1,56","(+2,29%)",16:42:27,6964.59246057853,6992.260388318179
2024-12-03 16:42:38,6964.0,"+1,54","(+2,26%)",16:42:35,6966.3861728531,7000.831908735952
2024-12-03 16:42:48,6962.0,"+1,52","(+2,23%)",16:42:47,6966.257501559059,6996.862136103972
2024-12-03 16:42:58,6960.0,"+1,50","(+2,20%)",16:42:55,6964.925633251664,6986.473844915161
2024-12-03 16:43:08,6959.0,"+1,49","(+2,19%)",16:43:07,6962.927117935219,6972.47366998714
2024-12-03 16:43:18,6960.0,"+1,50","(+2,20%)",16:43:17,6961.132573223149,6959.211740590268
2024-12-03 16:43:28,6960.0,"+1,50","(+2,20%)",16:43:27,6959.604769352465,6948.64574569871
2024-12-03 16:43:38,6961.0,"+1,51","(+2,22%)",16:43:37,6958.872679930477,6943.558188394182
2024-12-03 16:43:48,6965.0,"+1,55","(+2,28%)",16:43:41,6960.733271619524,6954.6282530417075
2024-12-03 16:43:58,6966.0,"+1,56","(+2,29%)",16:43:54,6962.395429779497,6962.894959919945
2024-12-03 16:44:08,6964.0,"+1,54","(+2,26%)",16:44:07,6964.059400206502,6974.318057477689
2024-12-03 16:44:19,6962.0,"+1,52","(+2,23%)",16:44:16,6964.528587526547,6978.290464334921
2024-12-03 16:44:29,6964.0,"+1,54","(+2,26%)",16:44:28,6965.3948000045475,6982.649973099874
2024-12-03 16:44:39,6962.0,"+1,52","(+2,23%)",16:44:36,6964.7961103059215,6977.867040789462
2024-12-03 16:44:49,6963.0,"+1,53","(+2,25%)",16:44:48,6964.1983104249375,6972.035131751364
2024-12-03 16:44:59,6961.0,"+1,51","(+2,22%)",16:44:55,6962.798811545743,6962.7925983747955
2024-12-03 16:45:09,6958.0,"+1,48","(+2,17%)",16:45:08,6960.13370628523,6947.245565884963
2024-12-03 16:45:19,6957.0,"+1,47","(+2,16%)",16:45:18,6957.4690467248565,6932.76807717191
2024-12-03 16:45:29,6953.0,"+1,43","(+2,10%)",16:45:27,6954.53733899306,6920.818650837581
2024-12-03 16:45:40,6948.0,"+1,38","(+2,03%)",16:45:39,6950.681642713668,6906.21390303155
2024-12-03 16:45:50,6951.0,"+1,41","(+2,07%)",16:45:49,6948.689804233898,6900.589865974986
2024-12-03 16:46:00,6954.0,"+1,44","(+2,11%)",16:45:57,6948.2250606296,6901.857693393705
2024-12-03 16:46:10,6956.0,"+1,46","(+2,14%)",16:46:09,6949.615670527275,6914.6780399789695
2024-12-03 16:46:20,6955.0,"+1,45","(+2,13%)",16:46:17,6950.607543655221,6924.502103397156
2024-12-03 16:46:30,6955.0,"+1,45","(+2,13%)",16:46:24,6952.333484513978,6939.435271589589
2024-12-03 16:46:40,6955.0,"+1,45","(+2,13%)",16:46:39,6954.063191851674,6953.347322991794
2024-12-03 16:46:50,6952.0,"+1,42","(+2,09%)",16:46:49,6954.1977367786085,6957.326899269345
2024-12-03 16:47:00,6950.0,"+1,40","(+2,06%)",16:46:58,6953.666210426183,6957.677883611862
2024-12-03 16:47:10,6955.0,"+1,45","(+2,13%)",16:47:10,6954.531591281574,6962.027804866732
2024-12-03 16:47:20,6953.0,"+1,43","(+2,10%)",16:47:20,6953.134715252375,6950.69787923035
2024-12-03 16:47:31,6950.0,"+1,40","(+2,06%)",16:47:28,6951.0023895727545,6937.933061282001
2024-12-03 16:47:41,6951.0,"+1,41","(+2,07%)",16:47:40,6950.134463918643,6934.111843628846
2024-12-03 16:47:51,6953.0,"+1,43","(+2,10%)",16:47:47,6950.802415391713,6939.841343785163
2024-12-03 16:48:01,6953.0,"+1,43","(+2,10%)",16:47:55,6951.402427571095,6944.630544976287
2024-12-03 16:48:11,6951.0,"+1,41","(+2,07%)",16:48:10,6951.335484907024,6946.301634759065
2024-12-03 16:48:21,6952.0,"+1,42","(+2,09%)",16:48:18,6951.933060314169,6951.583453039506
2024-12-03 16:48:31,6956.0,"+1,46","(+2,14%)",16:48:31,6953.528415517452,6959.424279343268
2024-12-03 16:48:41,6960.0,"+1,50","(+2,20%)",16:48:40,6955.921027061841,6969.100725745135
2024-12-03 16:48:52,6958.0,"+1,48","(+2,17%)",16:48:50,6958.1864491765255,6981.615437540743
2024-12-03 16:49:02,6960.0,"+1,50","(+2,20%)",16:49:01,6960.517267284806,6992.480353237016
2024-12-03 16:49:12,6964.0,"+1,54","(+2,26%)",16:49:09,6963.184429953848,7001.768057028858
2024-12-03 16:49:22,6965.0,"+1,55","(+2,28%)",16:49:21,6965.582368930859,7009.391727817892
2024-12-03 16:49:32,6966.0,"+1,56","(+2,29%)",16:49:30,6967.979148055007,7017.551463756186
2024-12-03 16:49:42,6967.0,"+1,57","(+2,31%)",16:49:35,6969.907796327959,7022.269780281049
2024-12-03 16:49:52,6966.0,"+1,56","(+2,29%)",16:49:50,6969.979329257768,7014.869429337856
2024-12-03 16:50:02,6969.0,"+1,59","(+2,33%)",16:50:00,6970.515327816617,7009.329646399863
2024-12-03 16:50:12,6967.0,"+1,57","(+2,31%)",16:50:11,6970.186793435647,7001.536790411873
2024-12-03 16:50:22,6969.0,"+1,59","(+2,33%)",16:50:20,6970.9899674949065,7001.846635030395
2024-12-03 16:50:32,6967.0,"+1,57","(+2,31%)",16:50:30,6969.8615826774285,6990.088998611322
2024-12-03 16:50:42,6969.0,"+1,59","(+2,33%)",16:50:40,6969.463536752802,6982.889163618186
2024-12-03 16:50:53,6967.0,"+1,57","(+2,31%)",16:50:52,6968.731369545896,6976.747381273305
2024-12-03 16:51:03,6969.0,"+1,59","(+2,33%)",16:51:02,6968.864635136259,6975.485511036805
2024-12-03 16:51:13,6969.0,"+1,59","(+2,33%)",16:51:12,6968.998486925835,6974.746751052961
2024-12-03 16:51:23,6969.0,"+1,59","(+2,33%)",16:51:20,6969.198067838344,6974.945498647501
2024-12-03 16:51:33,6972.0,"+1,62","(+2,38%)",16:51:32,6970.197633295903,6978.035578414303
2024-12-03 16:51:43,6972.0,"+1,62","(+2,38%)",16:51:39,6971.597503143598,6985.175908819679
2024-12-03 16:51:53,6971.0,"+1,61","(+2,36%)",16:51:44,6971.862714253397,6984.7409506693175
2024-12-03 16:52:03,6974.0,"+1,64","(+2,41%)",16:52:03,6973.592070633463,6992.90912360997
2024-12-03 16:52:13,6973.0,"+1,63","(+2,39%)",16:52:13,6974.059961662199,6992.680769345975
2024-12-03 16:52:24,6972.0,"+1,62","(+2,38%)",16:52:23,6974.261590188676,6992.352335217667
2024-12-03 16:52:34,6970.0,"+1,60","(+2,35%)",16:52:29,6972.929589578881,6982.478043384134
2024-12-03 16:52:44,6969.0,"+1,59","(+2,33%)",16:52:43,6971.52925592526,6973.76982220411
2024-12-03 16:52:54,6967.0,"+1,57","(+2,31%)",16:52:52,6969.331541105703,6961.150067656178
2024-12-03 16:53:04,6967.0,"+1,57","(+2,31%)",16:53:01,6967.269217889031,6949.377819641508
2024-12-03 16:53:14,6966.0,"+1,56","(+2,29%)",16:53:13,6965.737113175965,6943.000920933187
2024-12-03 16:53:24,6969.0,"+1,59","(+2,33%)",16:53:24,6965.809201931154,6944.995426086297
2024-12-03 16:53:34,6970.0,"+1,60","(+2,35%)",16:53:34,6966.20919836411,6947.994359211085
2024-12-03 16:53:45,6967.0,"+1,57","(+2,31%)",16:53:38,6966.272583751879,6952.03935616659
2024-12-03 16:53:55,6966.0,"+1,56","(+2,29%)",16:53:52,6966.138973619824,6954.849632048921
2024-12-03 16:54:05,6968.0,"+1,58","(+2,32%)",16:54:04,6967.001515595296,6962.308361589419
2024-12-03 16:54:15,6967.0,"+1,57","(+2,31%)",16:54:14,6967.200133076466,6965.113207748859
2024-12-03 16:54:25,6970.0,"+1,60","(+2,35%)",16:54:24,6968.531337102288,6972.873599670945
2024-12-03 16:54:35,6967.0,"+1,57","(+2,31%)",16:54:31,6968.065793413524,6969.977445195209
2024-12-03 16:54:45,6970.0,"+1,60","(+2,35%)",16:54:43,6968.798838750773,6972.97085726249
2024-12-03 16:54:55,6970.0,"+1,60","(+2,35%)",16:54:55,6969.0668596597025,6972.546204783766
2024-12-03 16:55:06,6971.0,"+1,61","(+2,36%)",16:55:03,6970.264705113349,6978.95131188227
2024-12-03 16:55:16,6969.0,"+1,59","(+2,33%)",16:55:15,6970.795793704975,6982.7735203859875
2024-12-03 16:55:26,6967.0,"+1,57","(+2,31%)",16:55:26,6969.796957242817,6976.557826161969
2024-12-03 16:55:36,6970.0,"+1,60","(+2,35%)",16:55:35,6969.731041840903,6974.063202362026
2024-12-03 16:55:46,6967.0,"+1,57","(+2,31%)",16:55:45,6968.732886119183,6968.382891197685
2024-12-03 16:55:56,6968.0,"+1,58","(+2,32%)",16:55:55,6967.9370082693595,6962.911465764242
2024-12-03 16:56:06,6970.0,"+1,60","(+2,35%)",16:56:05,6968.667047016507,6967.450277120839
2024-12-03 16:56:17,6967.0,"+1,57","(+2,31%)",16:56:11,6967.400529158862,6959.58600029739
2024-12-03 16:56:27,6969.0,"+1,59","(+2,33%)",16:56:26,6967.733567908665,6962.180196853493
2024-12-03 16:56:37,6969.0,"+1,59","(+2,33%)",16:56:35,6968.133685552823,6965.183895411524
2024-12-03 16:56:47,6966.0,"+1,56","(+2,29%)",16:56:45,6967.667650661315,6964.891731359433
2024-12-03 16:56:57,6967.0,"+1,57","(+2,31%)",16:56:54,6967.401115507462,6964.278563219403
2024-12-03 16:57:07,6970.0,"+1,60","(+2,35%)",16:57:06,6967.933907731535,6966.024508335154
2024-12-03 16:57:17,6967.0,"+1,57","(+2,31%)",16:57:16,6967.866615136378,6967.170395594895
2024-12-03 16:57:27,6967.0,"+1,57","(+2,31%)",16:57:23,6967.202204606251,6963.039624087875
2024-12-03 16:57:38,6969.0,"+1,59","(+2,33%)",16:57:36,6967.6004201605,6964.991146233321
2024-12-03 16:57:48,6971.0,"+1,61","(+2,36%)",16:57:38,6969.263979531009,6974.824662475387
2024-12-03 16:57:58,6970.0,"+1,60","(+2,35%)",16:57:55,6969.664404167831,6975.74809011926
2024-12-03 16:58:08,6973.0,"+1,63","(+2,39%)",16:58:07,6971.593185990667,6985.674344101787
2024-12-03 16:58:18,6971.0,"+1,61","(+2,36%)",16:58:15,6972.457674423972,6990.023169041392
2024-12-03 16:58:28,6971.0,"+1,61","(+2,36%)",16:58:15,6972.393102982699,6987.012375690482
2024-12-03 16:58:38,6969.0,"+1,59","(+2,33%)",16:58:37,6971.46364763685,6980.171702874706
2024-12-03 16:58:48,6970.0,"+1,60","(+2,35%)",16:58:45,6971.597787993778,6981.007022267295
2024-12-03 16:58:58,6970.0,"+1,60","(+2,35%)",16:58:54,6970.932445913129,6975.289866911171
2024-12-03 16:59:08,6970.0,"+1,60","(+2,35%)",16:59:03,6970.0675883727345,6968.327226607605
2024-12-03 16:59:18,6970.0,"+1,60","(+2,35%)",16:59:15,6969.534869076906,6964.481408291607
2024-12-03 16:59:29,6971.0,"+1,61","(+2,36%)",16:59:28,6969.867553002105,6966.556442862353
2024-12-03 16:59:39,6973.0,"+1,63","(+2,39%)",16:59:37,6970.733619824091,6970.3860652852645
2024-12-03 16:59:49,6972.0,"+1,62","(+2,38%)",16:59:42,6971.797771810432,6977.547193503854
2024-12-03 16:59:59,6971.0,"+1,61","(+2,33%)",16:59:59,6971.997830089655,6978.792793415535
2024-12-03 17:00:09,6971.0,"+1,61","(+2,36%)",17:00:07,6972.197809526251,6980.039361838583
2024-12-03 17:00:19,6972.0,"+1,62","(+2,38%)",17:00:10,6972.264561805633,6978.886757743179
2024-12-03 17:00:29,6971.0,"+1,61","(+2,36%)",17:00:27,6971.998449187966,6976.704569240629
2024-12-03 17:00:39,6966.0,"+1,56","(+2,29%)",17:00:37,6969.669474938863,6964.269875179965
2024-12-03 17:00:49,6969.0,"+1,59","(+2,33%)",17:00:47,6968.8026269937745,6959.393713839991
2024-12-03 17:00:59,6969.0,"+1,59","(+2,33%)",17:00:59,6968.001674731037,6954.941140335052
2024-12-03 17:01:10,6972.0,"+1,62","(+2,38%)",17:01:09,6968.7375566322935,6959.014425835712
2024-12-03 17:01:20,6974.0,"+1,64","(+2,41%)",17:01:19,6970.738963866798,6970.94243525941
2024-12-03 17:01:30,6975.0,"+1,65","(+2,42%)",17:01:29,6972.802770302773,6982.217902103771
2024-12-03 17:01:40,6972.0,"+1,62","(+2,38%)",17:01:35,6973.199571637662,6984.17236084227
2024-12-03 17:01:50,6969.0,"+1,59","(+2,33%)",17:01:48,6972.334661175516,6979.836972048897
2024-12-03 17:02:00,6971.0,"+1,61","(+2,36%)",17:01:59,6972.666565359895,6982.432557944826
2024-12-03 17:02:10,6973.0,"+1,63","(+2,39%)",17:02:09,6973.5983776659405,6987.200051254308
2024-12-03 17:02:20,6970.0,"+1,60","(+2,35%)",17:02:17,6971.870357896767,6974.333885700387
2024-12-03 17:02:30,6969.0,"+1,59","(+2,33%)",17:02:30,6970.271085127902,6964.359644956947
2024-12-03 17:02:40,6968.0,"+1,58","(+2,32%)",17:02:39,6968.269606101836,6952.403553080626
2024-12-03 17:02:50,6967.0,"+1,57","(+2,31%)",17:02:42,6966.737956969262,6945.467577063157
2024-12-03 17:03:00,6968.0,"+1,58","(+2,32%)",17:02:59,6966.469842885243,6946.951674378752
2024-12-03 17:03:11,6971.0,"+1,61","(+2,36%)",17:03:09,6968.068970123588,6959.01032934259
2024-12-03 17:03:21,6972.0,"+1,62","(+2,38%)",17:03:18,6969.534592795968,6968.1474011203
2024-12-03 17:03:31,6969.0,"+1,59","(+2,33%)",17:03:31,6969.002593307652,6964.833825759669
2024-12-03 17:03:41,6977.0,"+1,67","(+2,45%)",17:03:39,6972.19723074911,6981.595688703723
2024-12-03 17:03:51,6977.0,"+1,67","(+2,45%)",17:03:46,6975.524062858852,7000.222597072329
2024-12-03 17:04:01,6977.0,"+1,67","(+2,45%)",17:03:46,6977.785540174742,7010.664599244643
2024-12-03 17:04:11,6977.0,"+1,67","(+2,45%)",17:04:11,6979.316350054137,7016.032948393625
2024-12-03 17:04:21,6979.0,"+1,69","(+2,48%)",17:04:21,6980.849079370231,7019.841054450332
2024-12-03 17:04:31,6980.0,"+1,70","(+2,50%)",17:04:28,6981.785414393503,7018.880976635533
2024-12-03 17:04:41,6975.0,"+1,65","(+2,42%)",17:04:40,6980.124835184633,7004.869683575696
2024-12-03 17:04:52,6973.0,"+1,63","(+2,39%)",17:04:50,6977.9969530775425,6990.54347607493
2024-12-03 17:05:02,6973.0,"+1,63","(+2,39%)",17:05:00,6975.998624804456,6977.561320358825
2024-12-03 17:05:12,6969.0,"+1,59","(+2,33%)",17:05:09,6971.5318033402655,6949.747316252894
2024-12-03 17:05:22,6969.0,"+1,59","(+2,33%)",17:05:21,6969.2028719011805,6939.418292037796
2024-12-03 17:05:32,6966.0,"+1,56","(+2,29%)",17:05:31,6966.198565467433,6926.534575990646
2024-12-03 17:05:42,6961.0,"+1,51","(+2,22%)",17:05:41,6961.947869789741,6908.416208041417
2024-12-03 17:05:52,6963.0,"+1,53","(+2,25%)",17:05:52,6959.554075592153,6900.859019325608
2024-12-03 17:06:02,6962.0,"+1,52","(+2,23%)",17:06:02,6958.230569235252,6901.453924067653
2024-12-03 17:06:12,6962.0,"+1,52","(+2,23%)",17:06:12,6958.294044570119,6911.218997612031
2024-12-03 17:06:23,6966.0,"+1,56","(+2,29%)",17:06:22,6959.815401525113,6925.381361112522
2024-12-03 17:06:33,6963.0,"+1,53","(+2,25%)",17:06:27,6960.209575923034,6933.050062021834
2024-12-03 17:06:43,6962.0,"+1,52","(+2,23%)",17:06:41,6960.871386033456,6942.923588254259
2024-12-03 17:06:53,6967.0,"+1,57","(+2,31%)",17:06:51,6963.198208394833,6958.477173956513
2024-12-03 17:07:03,6969.0,"+1,59","(+2,33%)",17:07:01,6966.464305915265,6978.840383188823
2024-12-03 17:07:13,6972.0,"+1,62","(+2,38%)",17:07:11,6970.127827663152,6998.536898004238
2024-12-03 17:07:23,6970.0,"+1,60","(+2,35%)",17:07:21,6971.264251272186,7000.885142306188
2024-12-03 17:07:33,6973.0,"+1,63","(+2,39%)",17:07:28,6973.526716810867,7009.744127577631
2024-12-03 17:07:43,6973.0,"+1,63","(+2,39%)",17:07:43,6974.858938511341,7012.269258697839
2024-12-03 17:07:54,6974.0,"+1,64","(+2,41%)",17:07:53,6975.880446814163,7012.154131360097
2024-12-03 17:08:04,6973.0,"+1,63","(+2,39%)",17:07:58,6976.723678703861,7013.771256902843
2024-12-03 17:08:14,6970.0,"+1,60","(+2,35%)",17:08:12,6975.115236654416,7000.176304016205
2024-12-03 17:08:24,6968.0,"+1,58","(+2,32%)",17:08:22,6971.994714703994,6977.693885047546
2024-12-03 17:08:34,6967.0,"+1,57","(+2,31%)",17:08:32,6969.4096114586055,6961.642400274452
2024-12-03 17:08:44,6961.0,"+1,51","(+2,22%)",17:08:43,6964.96666988697,6938.197592853074
2024-12-03 17:08:54,6964.0,"+1,54","(+2,26%)",17:08:54,6963.03928536331,6930.3528157276
2024-12-03 17:09:04,6962.0,"+1,52","(+2,23%)",17:09:03,6960.310320756105,6917.503110129421
2024-12-03 17:09:15,6961.0,"+1,51","(+2,22%)",17:09:05,6958.500112112599,6912.460569910335
2024-12-03 17:09:25,6962.0,"+1,52","(+2,23%)",17:09:24,6957.879363644998,6914.341106542713
2024-12-03 17:09:35,6961.0,"+1,51","(+2,22%)",17:09:34,6957.8720317579855,6921.143742176635
2024-12-03 17:09:45,6958.0,"+1,48","(+2,17%)",17:09:44,6957.273981662276,6925.252811792221
2024-12-03 17:09:55,6958.0,"+1,48","(+2,17%)",17:09:52,6956.875395713548,6929.033114411258
2024-12-03 17:10:05,6955.0,"+1,45","(+2,13%)",17:10:03,6955.54208087342,6927.531103215491
2024-12-03 17:10:15,6958.0,"+1,48","(+2,17%)",17:10:10,6956.006820747837,6935.1305706830135
2024-12-03 17:10:25,6956.0,"+1,46","(+2,14%)",17:10:20,6954.678339079551,6929.460112451594
2024-12-03 17:10:35,6957.0,"+1,47","(+2,16%)",17:10:35,6954.875977272467,6934.3481785621425
2024-12-03 17:10:45,6958.0,"+1,48","(+2,17%)",17:10:40,6955.406248879438,6939.736989442854
2024-12-03 17:10:56,6961.0,"+1,51","(+2,17%)",17:10:55,6957.133848853478,6950.506326137219
2024-12-03 17:11:06,6963.0,"+1,53","(+2,25%)",17:11:04,6959.929555941353,6967.415774933824
2024-12-03 17:11:16,6962.0,"+1,52","(+2,23%)",17:11:14,6961.992817639999,6979.76414722194
2024-12-03 17:11:26,6962.0,"+1,52","(+2,23%)",17:11:25,6963.191774275011,6985.154114081559
2024-12-03 17:11:36,6961.0,"+1,51","(+2,22%)",17:11:33,6963.726600498721,6986.922288984871
2024-12-03 17:11:46,6961.0,"+1,51","(+2,22%)",17:11:41,6963.26215182898,6980.880913011884
2024-12-03 17:11:56,6962.0,"+1,52","(+2,23%)",17:11:53,6963.598898339318,6980.857002403692
2024-12-03 17:12:06,6964.0,"+1,54","(+2,26%)",17:12:05,6963.9309539862015,6978.745029400754
2024-12-03 17:12:16,6965.0,"+1,55","(+2,28%)",17:12:16,6964.397244495533,6977.46768046376
2024-12-03 17:12:26,6963.0,"+1,53","(+2,25%)",17:12:18,6963.798662362416,6971.120377222379
2024-12-03 17:12:36,6967.0,"+1,57","(+2,31%)",17:12:36,6965.265881251015,6977.114828885022
2024-12-03 17:12:47,6967.0,"+1,57","(+2,31%)",17:12:46,6966.862419337212,6984.969951860336
2024-12-03 17:12:57,6970.0,"+1,60","(+2,35%)",17:12:55,6969.124213996843,6994.882477240164
2024-12-03 17:13:07,6969.0,"+1,59","(+2,33%)",17:13:03,6970.455555074927,6999.520827610885
2024-12-03 17:13:17,6970.0,"+1,60","(+2,35%)",17:13:14,6971.456811053715,7001.048681111325
2024-12-03 17:13:27,6970.0,"+1,60","(+2,35%)",17:13:24,6971.858294073687,6998.848501074025
2024-12-03 17:13:37,6968.0,"+1,58","(+2,32%)",17:13:37,6971.126704644639,6991.153619167282
2024-12-03 17:13:47,6970.0,"+1,60","(+2,35%)",17:13:46,6971.327504808323,6989.267584177436
2024-12-03 17:13:57,6968.0,"+1,58","(+2,32%)",17:13:56,6970.5975460272575,6983.135811399677
2024-12-03 17:14:07,6970.0,"+1,60","(+2,35%)",17:14:06,6969.931432112017,6975.327033410178
2024-12-03 17:14:17,6970.0,"+1,60","(+2,35%)",17:14:16,6969.865696018031,6973.345717558173
2024-12-03 17:14:28,6969.0,"+1,59","(+2,33%)",17:14:21,6969.200408112717,6968.156907335612
2024-12-03 17:14:38,6969.0,"+1,59","(+2,33%)",17:14:36,6969.200243143348,6968.678487830388
2024-12-03 17:14:48,6969.0,"+1,59","(+2,33%)",17:14:47,6969.000770877437,6967.435192862184
2024-12-03 17:14:58,6968.0,"+1,58","(+2,32%)",17:14:56,6968.668121026339,6966.407306758913
2024-12-03 17:15:08,6973.0,"+1,63","(+2,39%)",17:15:06,6970.4645270733445,6976.034693711571
2024-12-03 17:15:18,6974.0,"+1,64","(+2,41%)",17:15:16,6971.928971747984,6982.025478681472
2024-12-03 17:15:28,6972.0,"+1,62","(+2,38%)",17:15:28,6972.729558784774,6985.969254775343
2024-12-03 17:15:38,6972.0,"+1,62","(+2,38%)",17:15:34,6972.86282117104,6984.711969111324
2024-12-03 17:15:48,6972.0,"+1,62","(+2,38%)",17:15:46,6973.263145860188,6986.165055286508
2024-12-03 17:15:58,6972.0,"+1,62","(+2,38%)",17:15:58,6973.531866983639,6986.773984717906
2024-12-03 17:16:08,6967.0,"+1,57","(+2,31%)",17:16:08,6971.398568959776,6974.5300965404995
2024-12-03 17:16:19,6964.0,"+1,54","(+2,26%)",17:16:16,6968.202274370114,6957.228021511118
2024-12-03 17:16:29,6966.0,"+1,56","(+2,29%)",17:16:26,6966.140045485513,6945.942763726666
2024-12-03 17:16:39,6967.0,"+1,57","(+2,31%)",17:16:35,6964.410130740591,6935.6736269941375
2024-12-03 17:16:49,6967.0,"+1,57","(+2,31%)",17:16:48,6964.072320811991,6936.746083882626
2024-12-03 17:16:59,6969.0,"+1,59","(+2,33%)",17:16:57,6965.206331819696,6946.412921517405
2024-12-03 17:17:09,6972.0,"+1,62","(+2,38%)",17:17:09,6967.336035011654,6959.678400480463
2024-12-03 17:17:19,6970.0,"+1,60","(+2,35%)",17:17:16,6968.666144203738,6969.012219840029
2024-12-03 17:17:29,6969.0,"+1,59","(+2,33%)",17:17:26,6969.731957134557,6977.222678539565
2024-12-03 17:17:39,6969.0,"+1,59","(+2,33%)",17:17:38,6970.994376391725,6986.660951767227
2024-12-03 17:17:49,6969.0,"+1,59","(+2,33%)",17:17:48,6971.1277234927875,6986.447796560666
2024-12-03 17:17:59,6972.0,"+1,62","(+2,38%)",17:17:58,6971.527903160548,6984.7604495135265
2024-12-03 17:18:10,6972.0,"+1,62","(+2,38%)",17:18:06,6971.929004232149,6984.1182162961595
2024-12-03 17:18:20,6971.0,"+1,61","(+2,36%)",17:18:17,6971.798472030263,6981.195625436066
2024-12-03 17:18:30,6970.0,"+1,60","(+2,35%)",17:18:25,6970.998512429573,6974.646045484273
2024-12-03 17:18:40,6969.0,"+1,59","(+2,33%)",17:18:39,6970.132520728447,6969.257478321915
2024-12-03 17:18:50,6972.0,"+1,62","(+2,38%)",17:18:49,6971.263355260118,6976.296083345761
2024-12-03 17:19:00,6973.0,"+1,63","(+2,39%)",17:18:59,6972.261069255294,6980.941406458114
2024-12-03 17:19:10,6974.0,"+1,64","(+2,41%)",17:19:09,6973.192211610506,6984.129732631562
2024-12-03 17:19:20,6978.0,"+1,68","(+2,47%)",17:19:16,6975.385924801252,6993.0971339952
2024-12-03 17:19:30,6976.0,"+1,66","(+2,44%)",17:19:29,6976.185900031627,6994.426293288342
2024-12-03 17:19:40,6977.0,"+1,67","(+2,45%)",17:19:39,6977.719314094741,7001.377041574079
2024-12-03 17:19:51,6978.0,"+1,68","(+2,47%)",17:19:42,6979.321980727097,7008.242500853683
2024-12-03 17:20:01,6975.0,"+1,65","(+2,42%)",17:20:00,6979.0590774774855,7004.511034116114
2024-12-03 17:20:11,6976.0,"+1,66","(+2,44%)",17:20:08,6978.661403189563,6998.886460721589
2024-12-03 17:20:21,6978.0,"+1,68","(+2,47%)",17:20:18,6978.39607655526,6992.519097012993
2024-12-03 17:20:31,6975.0,"+1,65","(+2,42%)",17:20:30,6977.131552573705,6983.059403101229
2024-12-03 17:20:41,6974.0,"+1,64","(+2,41%)",17:20:40,6975.533947201927,6972.568793165417
2024-12-03 17:20:51,6977.0,"+1,67","(+2,45%)",17:20:50,6975.334852837392,6969.755183210036
2024-12-03 17:21:01,6978.0,"+1,68","(+2,47%)",17:20:54,6976.399881420429,6976.399260161617
2024-12-03 17:21:11,6976.0,"+1,66","(+2,44%)",17:21:06,6976.133565230201,6974.738009579393
2024-12-03 17:21:21,6975.0,"+1,65","(+2,42%)",17:21:19,6975.733917508968,6973.292259582488
2024-12-03 17:21:31,6979.0,"+1,69","(+2,48%)",17:21:24,6977.331902056192,6982.737102459736
2024-12-03 17:21:42,6976.0,"+1,66","(+2,44%)",17:21:38,6976.865972543299,6979.3042186365155
2024-12-03 17:21:52,6975.0,"+1,65","(+2,42%)",17:21:50,6976.199358511231,6975.6727528169495
2024-12-03 17:22:02,6975.0,"+1,65","(+2,42%)",17:21:58,6976.131880319664,6976.821882325616
2024-12-03 17:22:12,6975.0,"+1,65","(+2,42%)",17:22:08,6975.4664589294825,6972.674385000321
2024-12-03 17:22:22,6975.0,"+1,65","(+2,45%)",17:22:22,6974.534420093082,6966.352283813434
2024-12-03 17:22:32,6972.0,"+1,62","(+2,38%)",17:22:31,6973.136880191051,6960.259916462028
2024-12-03 17:22:42,6974.0,"+1,64","(+2,41%)",17:22:41,6973.136814045598,6962.348592313077
2024-12-03 17:22:52,6972.0,"+1,62","(+2,38%)",17:22:46,6972.071026304864,6957.8083628910845
2024-12-03 17:23:02,6972.0,"+1,62","(+2,38%)",17:23:02,6971.00731107051,6952.742701379919
2024-12-03 17:23:12,6972.0,"+1,62","(+2,38%)",17:23:10,6971.203332446814,6957.638952222651
2024-12-03 17:23:23,6973.0,"+1,63","(+2,39%)",17:23:22,6971.470306982178,6960.866356647493
2024-12-03 17:23:33,6974.0,"+1,64","(+2,41%)",17:23:32,6972.069597538333,6965.115837006559
2024-12-03 17:23:43,6977.0,"+1,67","(+2,45%)",17:23:42,6973.931524546452,6975.665179374445
2024-12-03 17:23:53,6978.0,"+1,68","(+2,47%)",17:23:50,6976.060395641848,6987.3619899790865
2024-12-03 17:24:03,6978.0,"+1,68","(+2,47%)",17:23:50,6977.988187364034,6997.815956829338
2024-12-03 17:24:13,6978.0,"+1,68","(+2,47%)",17:24:13,6978.921304365183,7000.5010827539245
2024-12-03 17:24:23,6977.0,"+1,67","(+2,45%)",17:24:23,6979.589897060194,7003.110425725794
2024-12-03 17:24:33,6978.0,"+1,68","(+2,47%)",17:24:32,6979.929714223307,7002.054169025879
2024-12-03 17:24:43,6979.0,"+1,69","(+2,48%)",17:24:42,6980.262244085083,7000.47443100141
2024-12-03 17:24:53,6978.0,"+1,68","(+2,47%)",17:24:52,6979.728925247927,6994.01547980963
2024-12-03 17:25:03,6978.0,"+1,68","(+2,47%)",17:25:02,6979.063822228839,6987.253840476553
2024-12-03 17:25:14,6980.0,"+1,70","(+2,50%)",17:25:12,6979.1330341741095,6984.53654542958
2024-12-03 17:25:24,6980.0,"+1,70","(+2,50%)",17:25:21,6979.600236584167,6985.872772897437
2024-12-03 17:25:34,6979.0,"+1,69","(+2,48%)",17:25:29,6979.733249423706,6986.170365607819
2024-12-03 17:25:44,6981.0,"+1,71","(+2,51%)",17:25:43,6980.597465458796,6989.985979108326
2024-12-03 17:25:54,6980.0,"+1,70","(+2,50%)",17:25:53,6980.862622824051,6990.597531696971
2024-12-03 17:26:04,6981.0,"+1,71","(+2,51%)",17:26:03,6981.129002831476,6990.171589578452
2024-12-03 17:26:14,6984.0,"+1,74","(+2,56%)",17:26:12,6982.591369133174,6996.149920125675
2024-12-03 17:26:24,6983.0,"+1,73","(+2,54%)",17:26:15,6983.522647687519,6999.868676482273
2024-12-03 17:26:34,6986.0,"+1,76","(+2,58%)",17:26:33,6985.123406535972,7005.651575037676
2024-12-03 17:26:44,6983.0,"+1,73","(+2,54%)",17:26:43,6984.9926874099,7002.229867255801
2024-12-03 17:26:55,6984.0,"+1,74","(+2,56%)",17:26:54,6985.460805264775,7003.061913716948
2024-12-03 17:27:05,6981.0,"+1,71","(+2,51%)",17:26:59,6984.463304892223,6996.320771797896
2024-12-03 17:27:15,6981.0,"+1,71","(+2,51%)",17:27:14,6983.132477535686,6986.968264711352
2024-12-03 17:27:25,6984.0,"+1,74","(+2,56%)",17:27:20,6983.402233054032,6987.065162727355
2024-12-03 17:27:35,6985.0,"+1,75","(+2,57%)",17:27:34,6983.603534432929,6985.709442364404
2024-12-03 17:27:45,6986.0,"+1,76","(+2,58%)",17:27:41,6984.139191857646,6986.429743290138
2024-12-03 17:27:55,6985.0,"+1,75","(+2,57%)",17:27:53,6984.7374195829725,6989.62781437107
2024-12-03 17:28:05,6983.0,"+1,73","(+2,54%)",17:28:05,6984.205018928058,6986.318907254327
2024-12-03 17:28:16,6983.0,"+1,73","(+2,54%)",17:28:15,6984.468374798509,6989.517939630055
2024-12-03 17:28:26,6983.0,"+1,73","(+2,54%)",17:28:25,6984.135585944295,6987.451051357595
2024-12-03 17:28:36,6982.0,"+1,72","(+2,53%)",17:28:35,6983.670185553597,6985.602038727646
2024-12-03 17:28:46,6984.0,"+1,74","(+2,56%)",17:28:45,6983.337454140441,6981.966482218312
2024-12-03 17:28:56,6981.0,"+1,71","(+2,51%)",17:28:54,6981.605156067937,6971.180684463346
2024-12-03 17:29:06,6986.0,"+1,76","(+2,58%)",17:29:06,6982.668604346852,6976.75209516183
2024-12-03 17:29:16,6989.0,"+1,79","(+2,63%)",17:29:16,6985.062276137839,6989.57108730558
2024-12-03 17:29:26,6992.0,"+1,82","(+2,67%)",17:29:24,6988.655648837349,7008.817387867377
2024-12-03 17:29:36,6995.0,"+1,85","(+2,72%)",17:29:35,6992.782044692936,7029.310044524157
2024-12-03 17:29:46,6997.0,"+1,87","(+2,75%)",17:29:46,6996.513190096254,7045.260424590708
2024-12-03 17:29:57,6997.0,"+1,87","(+2,75%)",17:29:56,6999.313883813069,7055.388139391714
2024-12-03 17:30:07,6991.0,"+1,81","(+2,66%)",17:30:05,6998.783112383972,7047.910714201336
2024-12-03 17:30:17,6991.0,"+1,81","(+2,66%)",17:30:15,6997.454514721075,7034.928552833416
2024-12-03 17:30:27,6991.0,"+1,81","(+2,66%)",17:30:23,6996.06000182805,7022.569684298812
2024-12-03 17:30:37,6996.0,"+1,86","(+2,73%)",17:30:34,6995.399026997985,7010.576932257717
2024-12-03 17:30:47,6994.0,"+1,84","(+2,70%)",17:30:47,6994.266956387247,6999.330059234446
2024-12-03 17:30:57,6991.0,"+1,81","(+2,66%)",17:30:57,6992.202253702844,6985.408817892154
2024-12-03 17:31:07,6994.0,"+1,84","(+2,70%)",17:31:05,6992.003467778768,6983.124067986361
2024-12-03 17:31:17,6994.0,"+1,84","(+2,70%)",17:31:13,6992.469913330084,6986.5535312086695
2024-12-03 17:31:27,6994.0,"+1,84","(+2,70%)",17:31:26,6993.534379292234,6994.760707469172
2024-12-03 17:31:37,6993.0,"+1,83","(+2,69%)",17:31:36,6994.397625389871,7002.235856825159
2024-12-03 17:31:48,6995.0,"+1,85","(+2,72%)",17:31:46,6994.730905700217,7002.22070581884
2024-12-03 17:31:58,6995.0,"+1,85","(+2,72%)",17:31:56,6994.798901632672,7000.546781752753
2024-12-03 17:32:08,6997.0,"+1,87","(+2,75%)",17:32:07,6995.398593599549,7001.146134399531
2024-12-03 17:32:18,6997.0,"+1,87","(+2,75%)",17:32:16,6996.928633517832,7010.162226219025
2024-12-03 17:32:28,6998.0,"+1,88","(+2,76%)",17:32:24,6998.262090613464,7016.368964573119
2024-12-03 17:32:38,6997.0,"+1,87","(+2,75%)",17:32:35,6998.130834991275,7012.3989200128635
2024-12-03 17:32:48,6997.0,"+1,87","(+2,75%)",17:32:43,6998.395000896429,7012.48330320877
2024-12-03 17:32:58,6998.0,"+1,88","(+2,76%)",17:32:55,6998.862102252702,7013.293357358647
2024-12-03 17:33:09,7001.0,"+1,91","(+2,80%)",17:33:07,7000.264179738008,7018.336052385119
2024-12-03 17:33:19,6999.0,"+1,89","(+2,78%)",17:33:16,7000.129077653278,7014.372500204756
2024-12-03 17:33:29,7001.0,"+1,91","(+2,80%)",17:33:26,7000.926482723412,7016.2108199950435
2024-12-03 17:33:39,6999.0,"+1,89","(+2,78%)",17:33:36,7000.530466038761,7011.636556746607
2024-12-03 17:33:49,7000.0,"+1,90","(+2,79%)",17:33:49,7000.795511490138,7011.721911218513
2024-12-03 17:33:59,7001.0,"+1,91","(+2,80%)",17:33:51,7001.261925431209,7012.533409113048
2024-12-03 17:34:09,6998.0,"+1,88","(+2,76%)",17:34:08,7000.5296655278735,7007.988488537061
2024-12-03 17:34:19,7001.0,"+1,91","(+2,80%)",17:34:15,7000.729350958017,7007.149140296286
2024-12-03 17:34:29,6997.0,"+1,87","(+2,75%)",17:34:28,6999.069655310832,6996.820400459488
2024-12-03 17:34:40,6997.0,"+1,87","(+2,75%)",17:34:34,6997.671811415442,6988.64264445196
2024-12-03 17:34:50,7000.0,"+1,90","(+2,79%)",17:34:47,6998.336158534461,6993.298406296811
2024-12-03 17:35:00,7000.0,"+1,90","(+2,79%)",17:34:55,6998.534967324832,6994.010575767879
2024-12-03 17:35:10,7003.0,"+1,93","(+2,83%)",17:35:10,7000.398133212663,7004.5741040808825
2024-12-03 17:35:20,7003.0,"+1,93","(+2,83%)",17:35:16,7001.596667906008,7009.951677080521
2024-12-03 17:35:30,7003.0,"+1,93","(+2,83%)",17:35:29,7002.795207207447,7015.856552412113
2024-12-03 17:35:40,7001.0,"+1,91","(+2,80%)",17:35:35,7003.261191523204,7018.761568429871
2024-12-03 17:35:50,6999.0,"+1,89","(+2,78%)",17:35:49,7002.13040767796,7011.1843685464055
2024-12-03 17:36:00,6998.0,"+1,88","(+2,76%)",17:35:57,7001.331090902366,7007.772156348694
2024-12-03 17:36:10,6994.0,"+1,84","(+2,70%)",17:36:09,6998.067961981702,6989.003905474555
2024-12-03 17:36:20,6997.0,"+1,87","(+2,75%)",17:36:20,6996.204431101495,6977.3926119273365
2024-12-03 17:36:31,6995.0,"+1,85","(+2,72%)",17:36:24,6994.341865780737,6968.395686090113
2024-12-03 17:36:41,6995.0,"+1,85","(+2,72%)",17:36:38,6992.809273850262,6961.470553635021
2024-12-03 17:36:51,6995.0,"+1,85","(+2,72%)",17:36:48,6992.408198409755,6963.167668791846
2024-12-03 17:37:01,6997.0,"+1,87","(+2,75%)",17:36:59,6993.340882567541,6972.109133981622
2024-12-03 17:37:11,6997.0,"+1,87","(+2,75%)",17:37:08,6994.670987419654,6983.5297169575915
2024-12-03 17:37:21,6997.0,"+1,87","(+2,75%)",17:37:20,6995.867749457314,6993.085488977769
2024-12-03 17:37:31,6997.0,"+1,87","(+2,75%)",17:37:30,6996.799497550994,6999.932877040949
2024-12-03 17:37:41,6998.0,"+1,88","(+2,76%)",17:37:32,6997.996874924199,7007.3892881021775
2024-12-03 17:37:51,6997.0,"+1,87","(+2,75%)",17:37:50,6997.730875155177,7004.166683712836
2024-12-03 17:38:01,7000.0,"+1,90","(+2,79%)",17:37:54,6999.260198786671,7012.130037621677
2024-12-03 17:38:12,6998.0,"+1,88","(+2,76%)",17:38:11,6999.261726569786,7010.5689935557475
2024-12-03 17:38:22,6999.0,"+1,89","(+2,78%)",17:38:19,6999.461935751533,7009.727761780337
2024-12-03 17:38:32,7003.0,"+1,93","(+2,83%)",17:38:28,7000.992397323686,7015.08621796465
2024-12-03 17:38:42,7005.0,"+1,95","(+2,86%)",17:38:41,7003.322685724407,7025.430378797472
2024-12-03 17:38:52,7003.0,"+1,93","(+2,83%)",17:38:46,7004.324302939642,7028.541923862634
2024-12-03 17:39:02,7003.0,"+1,93","(+2,83%)",17:39:01,7004.92520031937,7029.151321218625
2024-12-03 17:39:12,7002.0,"+1,92","(+2,82%)",17:39:09,7004.726776473825,7025.29761663317
2024-12-03 17:39:22,7003.0,"+1,93","(+2,83%)",17:39:21,7004.860928000029,7023.517236222553
2024-12-03 17:39:32,7004.0,"+1,94","(+2,85%)",17:39:23,7004.796785287372,7019.440437122756
2024-12-03 17:39:42,7002.0,"+1,92","(+2,82%)",17:39:40,7004.264943009842,7015.057543645434
2024-12-03 17:39:53,7003.0,"+1,93","(+2,83%)",17:39:52,7003.465261293041,7007.460200765707
2024-12-03 17:40:03,7005.0,"+1,95","(+2,86%)",17:40:02,7003.4016939774,7003.932112161919
2024-12-03 17:40:13,7004.0,"+1,94","(+2,85%)",17:40:04,7003.601609915382,7004.653981451325
2024-12-03 17:40:23,7001.0,"+1,91","(+2,80%)",17:40:19,7003.06632081252,7003.412125887583
2024-12-03 17:40:33,7002.0,"+1,92","(+2,82%)",17:40:31,7002.666751726031,7001.450955565356
2024-12-03 17:40:43,7007.0,"+1,97","(+2,89%)",17:40:41,7004.328372951956,7009.693584551344
2024-12-03 17:40:53,7005.0,"+1,95","(+2,86%)",17:40:53,7004.661062715353,7010.20004412475
2024-12-03 17:41:03,7003.0,"+1,93","(+2,83%)",17:41:03,7004.263410223968,7007.728300412133
2024-12-03 17:41:13,7001.0,"+1,91","(+2,80%)",17:41:13,7003.334472034507,7003.514712917711
2024-12-03 17:41:24,7004.0,"+1,94","(+2,85%)",17:41:23,7003.2674204183295,7002.050539740286
2024-12-03 17:41:34,7002.0,"+1,92","(+2,82%)",17:41:33,7002.535473844705,6998.010968354639
2024-12-03 17:41:44,7003.0,"+1,93","(+2,83%)",17:41:38,7002.801167242514,7000.712870743187
2024-12-03 17:41:54,7004.0,"+1,94","(+2,85%)",17:41:52,7003.333526672893,7004.033019575258
2024-12-03 17:42:04,7006.0,"+1,96","(+2,88%)",17:42:02,7003.865532783591,7004.732916563201
2024-12-03 17:42:14,7010.0,"+2,00","(+2,94%)",17:42:12,7005.930122570322,7013.422758829761
2024-12-03 17:42:24,7008.0,"+1,98","(+2,91%)",17:42:23,7007.99687744543,7025.781613968176
2024-12-03 17:42:34,7007.0,"+1,97","(+2,89%)",17:42:34,7009.0657767363755,7031.363668512777
2024-12-03 17:42:44,7006.0,"+1,96","(+2,88%)",17:42:42,7009.060272325355,7029.769325125847
2024-12-03 17:42:54,7005.0,"+1,95","(+2,86%)",17:42:53,7007.926945819803,7020.6211446360985
2024-12-03 17:43:05,7008.0,"+1,98","(+2,91%)",17:43:03,7008.526229453469,7022.258988360416
2024-12-03 17:43:15,7009.0,"+1,99","(+2,92%)",17:43:13,7008.727546095213,7019.849900487199
2024-12-03 17:43:25,7009.0,"+1,99","(+2,92%)",17:43:13,7008.728365110298,7016.721939625326
2024-12-03 17:43:35,7009.0,"+1,99","(+2,92%)",17:43:13,7008.59765178166,7013.287387383349
2024-12-03 17:43:45,7003.0,"+1,93","(+2,83%)",17:43:45,7006.267900544625,7000.350622465185
2024-12-03 17:43:55,7003.0,"+1,93","(+2,83%)",17:43:55,7005.2031803748305,6997.374927188505
2024-12-03 17:44:05,7000.0,"+1,90","(+2,79%)",17:44:05,7002.871732306045,6987.036998600877
2024-12-03 17:44:15,6998.0,"+1,88","(+2,76%)",17:44:15,7000.012042345181,6973.919328290963
2024-12-03 17:44:25,7000.0,"+1,90","(+2,79%)",17:44:25,6998.2794791186425,6966.274224565748
2024-12-03 17:44:35,7000.0,"+1,90","(+2,79%)",17:44:34,6996.682641661377,6958.92064729588
2024-12-03 17:44:45,7005.0,"+1,95","(+2,86%)",17:44:45,6998.210493476096,6969.99759881366
2024-12-03 17:44:56,7008.0,"+1,98","(+2,91%)",17:44:55,7001.400860351777,6990.408913043357
2024-12-03 17:45:06,7005.0,"+1,95","(+2,86%)",17:45:05,7003.464155495469,7005.370957169829
2024-12-03 17:45:16,7003.0,"+1,93","(+2,83%)",17:45:10,7004.994032712443,7018.056376244905
2024-12-03 17:45:26,7003.0,"+1,93","(+2,83%)",17:45:21,7005.327301408901,7020.138644956603
2024-12-03 17:45:36,7003.0,"+1,93","(+2,83%)",17:45:35,7005.661937874506,7022.225152954482
2024-12-03 17:45:46,7002.0,"+1,92","(+2,82%)",17:45:36,7004.797171770628,7015.776829920857
2024-12-03 17:45:56,7000.0,"+1,90","(+2,79%)",17:45:56,7002.465125184378,7000.188926163279
2024-12-03 17:46:06,7006.0,"+1,96","(+2,88%)",17:46:04,7002.933237337965,6999.966235461926
2024-12-03 17:46:16,7003.0,"+1,93","(+2,83%)",17:46:12,7001.80321645665,6991.349158144572
2024-12-03 17:46:26,7003.0,"+1,93","(+2,83%)",17:46:24,7001.803211899077,6992.394111712305
2024-12-03 17:46:36,7001.0,"+1,91","(+2,80%)",17:46:36,7001.935239832774,6996.8820389859075
2024-12-03 17:46:47,7002.0,"+1,92","(+2,82%)",17:46:43,7002.133871212802,6999.694269507854
2024-12-03 17:46:57,7000.0,"+1,90","(+2,79%)",17:46:52,7001.201449711027,6995.451441677425
2024-12-03 17:47:07,6997.0,"+1,87","(+2,75%)",17:47:04,6999.269169224895,6986.548360268907
2024-12-03 17:47:17,6997.0,"+1,87","(+2,75%)",17:47:16,6997.73639096674,6980.136475662321
2024-12-03 17:47:27,6995.0,"+1,85","(+2,72%)",17:47:18,6995.5353433892105,6970.106142503475
2024-12-03 17:47:37,6994.0,"+1,84","(+2,70%)",17:47:37,6992.876454897708,6956.6774406051
2024-12-03 17:47:47,6995.0,"+1,85","(+2,75%)",17:47:47,6992.609028341874,6960.776722857635
2024-12-03 17:47:57,6998.0,"+1,88","(+2,76%)",17:47:54,6993.475174308042,6968.792626137966
2024-12-03 17:48:07,6999.0,"+1,89","(+2,78%)",17:48:06,6995.07309494842,6980.821173376483
2024-12-03 17:48:17,7000.0,"+1,90","(+2,79%)",17:48:16,6996.801796546241,6992.104650269018
2024-12-03 17:48:28,7002.0,"+1,92","(+2,82%)",17:48:27,6999.65934812188,7009.909686270894
2024-12-03 17:48:38,7004.0,"+1,94","(+2,85%)",17:48:35,7002.785590606932,7027.306522716163
2024-12-03 17:48:48,7004.0,"+1,94","(+2,85%)",17:48:47,7004.850071516387,7036.527418367577
2024-12-03 17:48:58,7001.0,"+1,91","(+2,80%)",17:48:57,7005.256700854437,7036.957666643013
2024-12-03 17:49:08,7006.0,"+1,96","(+2,88%)",17:49:07,7006.860906807962,7041.171074653191
2024-12-03 17:49:18,7003.0,"+1,93","(+2,83%)",17:49:17,7006.259818611268,7032.731173578067
2024-12-03 17:49:28,7004.0,"+1,94","(+2,85%)",17:49:24,7005.727633824816,7024.706776619566
2024-12-03 17:49:38,7003.0,"+1,93","(+2,83%)",17:49:34,7004.996324431114,7017.524310144417
2024-12-03 17:49:48,7006.0,"+1,96","(+2,88%)",17:49:48,7005.396025524861,7016.357173766061
2024-12-03 17:49:58,7004.0,"+1,94","(+2,85%)",17:49:50,7004.798046460489,7010.540899646515
2024-12-03 17:50:09,7005.0,"+1,95","(+2,86%)",17:50:07,7004.865401261653,7009.390607254444
2024-12-03 17:50:19,7002.0,"+1,92","(+2,82%)",17:50:15,7004.066752409962,7005.46184796699
2024-12-03 17:50:29,7001.0,"+1,91","(+2,80%)",17:50:24,7003.001148555738,7000.393468914681
2024-12-03 17:50:39,7005.0,"+1,95","(+2,86%)",17:50:37,7002.9349328169665,6997.887977187725
2024-12-03 17:50:49,7003.0,"+1,93","(+2,83%)",17:50:47,7003.134020803798,7000.696097551599
2024-12-03 17:50:59,7003.0,"+1,93","(+2,83%)",17:50:56,7002.734713337948,6998.207447665602
2024-12-03 17:51:09,7002.0,"+1,92","(+2,82%)",17:51:08,7002.2021503616,6995.932481444434
2024-12-03 17:51:19,7003.0,"+1,93","(+2,83%)",17:51:17,7001.93578013639,6994.272240366469
2024-12-03 17:51:29,7006.0,"+1,96","(+2,88%)",17:51:27,7003.665686238514,7005.056330599135
2024-12-03 17:51:39,7006.0,"+1,96","(+2,88%)",17:51:37,7004.863963504599,7011.48141060278
2024-12-03 17:51:49,7007.0,"+1,97","(+2,89%)",17:51:47,7006.5949819189445,7021.231477332689
2024-12-03 17:51:59,7008.0,"+1,98","(+2,91%)",17:51:59,7007.794151819485,7025.5733318579105
2024-12-03 17:52:10,7005.0,"+1,95","(+2,86%)",17:52:09,7007.130296184021,7019.327265242632
2024-12-03 17:52:20,7003.0,"+1,93","(+2,83%)",17:52:19,7006.46323035027,7016.200814274346
2024-12-03 17:52:30,7006.0,"+1,96","(+2,88%)",17:52:26,7006.595271839786,7015.457752513517
2024-12-03 17:52:40,7008.0,"+1,98","(+2,91%)",17:52:37,7007.327191088337,7017.406423090071
2024-12-03 17:52:50,7008.0,"+1,98","(+2,91%)",17:52:48,7007.460861801608,7015.104946706611
2024-12-03 17:53:00,7008.0,"+1,98","(+2,91%)",17:53:00,7007.462007895799,7012.49705540073
2024-12-03 17:53:10,7006.0,"+1,96","(+2,88%)",17:53:08,7007.129781505181,7010.426918683004
2024-12-03 17:53:20,7005.0,"+1,95","(+2,86%)",17:53:17,7006.397643785785,7006.385325367685
2024-12-03 17:53:30,7008.0,"+1,98","(+2,91%)",17:53:29,7007.196725672046,7010.840565134388
2024-12-03 17:53:40,7007.0,"+1,97","(+2,89%)",17:53:37,7007.796610288428,7015.103699911238
2024-12-03 17:53:51,7005.0,"+1,95","(+2,86%)",17:53:42,7006.864640399925,7009.296368710893
2024-12-03 17:54:01,7004.0,"+1,94","(+2,85%)",17:53:51,7005.002290005881,6997.164303685863
2024-12-03 17:54:11,7005.0,"+1,95","(+2,86%)",17:54:09,7004.270327649727,6993.130049033185
2024-12-03 17:54:21,7005.0,"+1,95","(+2,86%)",17:54:20,7004.136473253605,6993.871193021954
2024-12-03 17:54:31,7006.0,"+1,96","(+2,88%)",17:54:26,7004.602743087347,6997.817602295086
2024-12-03 17:54:41,7006.0,"+1,96","(+2,88%)",17:54:26,7005.2012845102445,7002.5914492217125
2024-12-03 17:54:51,7006.0,"+1,96","(+2,88%)",17:54:48,7005.40065121766,7003.833468028334
2024-12-03 17:55:01,7007.0,"+1,97","(+2,89%)",17:55:01,7005.733582259967,7004.862316429266
2024-12-03 17:55:11,7006.0,"+1,96","(+2,88%)",17:55:08,7006.331989126417,7009.640726182361
2024-12-03 17:55:21,7006.0,"+1,96","(+2,88%)",17:55:17,7006.797769369572,7013.0708927087535
2024-12-03 17:55:31,7007.0,"+1,97","(+2,89%)",17:55:29,7007.198277042665,7014.518727589728
2024-12-03 17:55:42,7006.0,"+1,96","(+2,88%)",17:55:41,7006.798867729877,7010.982520482079
2024-12-03 17:55:52,7007.0,"+1,97","(+2,89%)",17:55:44,7006.932596489578,7010.767368498547
2024-12-03 17:56:02,7004.0,"+1,94","(+2,85%)",17:56:01,7005.733760274166,7003.816559332811
2024-12-03 17:56:12,7005.0,"+1,95","(+2,86%)",17:56:11,7005.267915351342,7001.434937138734
2024-12-03 17:56:22,7006.0,"+1,96","(+2,88%)",17:56:13,7005.268064593526,7001.434580747984
2024-12-03 17:56:32,7006.0,"+1,96","(+2,88%)",17:56:31,7005.267423899428,7001.437807842756
2024-12-03 17:56:42,7008.0,"+1,98","(+2,91%)",17:56:39,7006.334788398627,7007.561196365645
2024-12-03 17:56:52,7006.0,"+1,96","(+2,88%)",17:56:46,7006.267925501209,7007.144206089843
2024-12-03 17:57:03,7009.0,"+1,99","(+2,92%)",17:57:00,7007.4010321983815,7012.624971601357
2024-12-03 17:57:13,7009.0,"+1,99","(+2,92%)",17:57:12,7008.59667938572,7019.0231926850465
2024-12-03 17:57:23,7007.0,"+1,97","(+2,89%)",17:57:22,7008.595901951969,7018.500302485817
2024-12-03 17:57:33,7006.0,"+1,96","(+2,88%)",17:57:32,7008.395606150205,7017.78180889004
2024-12-03 17:57:43,7006.0,"+1,96","(+2,88%)",17:57:40,7007.467183575629,7010.956388324501
2024-12-03 17:57:53,7008.0,"+1,98","(+2,91%)",17:57:51,7007.467404276483,7009.390231936029
2024-12-03 17:58:03,7008.0,"+1,98","(+2,91%)",17:57:58,7007.533957545822,7008.7576515905685
2024-12-03 17:58:13,7008.0,"+1,98","(+2,91%)",17:58:08,7007.4670435568905,7007.294652849844
2024-12-03 17:58:23,7008.0,"+1,98","(+2,91%)",17:58:08,7007.80026960332,7009.371029944591
2024-12-03 17:58:33,7006.0,"+1,96","(+2,88%)",17:58:27,7006.800498578513,7003.145607968138
2024-12-03 17:58:43,7009.0,"+1,99","(+2,92%)",17:58:38,7007.79950919881,7009.365096914443
2024-12-03 17:58:54,7008.0,"+1,98","(+2,91%)",17:58:46,7008.397235961619,7013.611868807733
2024-12-03 17:59:04,7008.0,"+1,98","(+2,91%)",17:58:58,7008.530668397391,7013.9158066989985
2024-12-03 17:59:14,7008.0,"+1,98","(+2,91%)",17:59:13,7008.331223437058,7011.630831378324
2024-12-03 17:59:24,7006.0,"+1,96","(+2,88%)",17:59:24,7007.200605053659,7004.590643775236
2024-12-03 17:59:34,7008.0,"+1,98","(+2,91%)",17:59:31,7007.4001253315755,7005.834367476543
2024-12-03 17:59:44,7008.0,"+1,98","(+2,91%)",17:59:41,7007.599951551075,7007.077276462005
2024-12-03 17:59:54,7006.0,"+1,96","(+2,88%)",17:59:53,7007.001238350604,7004.393792079011
2024-12-03 18:00:04,7006.0,"+1,96","(+2,88%)",18:00:03,7006.533891268269,7002.535126022697
2024-12-03 18:00:15,7005.0,"+1,95","(+2,86%)",18:00:13,7005.270213956922,6995.197936761777
2024-12-03 18:00:25,7008.0,"+1,98","(+2,91%)",18:00:23,7006.069211307609,7000.68873020286
2024-12-03 18:00:35,7006.0,"+1,96","(+2,88%)",18:00:34,7005.869448451919,7000.488865996419
2024-12-03 18:00:45,7011.0,"+2,01","(+2,95%)",18:00:44,7007.797588110241,7010.919414235475
2024-12-03 18:00:55,7008.0,"+1,98","(+2,91%)",18:00:53,7008.329852752868,7014.232653513715
2024-12-03 18:01:05,7008.0,"+1,98","(+2,91%)",18:00:53,7008.330354459438,7013.192904755514
2024-12-03 18:01:15,7012.0,"+2,02","(+2,97%)",18:01:14,7010.324408781617,7023.525609889699
2024-12-03 18:01:25,7013.0,"+2,03","(+2,98%)",18:01:23,7012.453710793343,7034.184358110168
2024-12-03 18:01:35,7012.0,"+2,02","(+2,97%)",18:01:32,7013.324761379767,7036.468231004419
2024-12-03 18:01:45,7009.0,"+1,99","(+2,92%)",18:01:41,7012.593144396072,7030.349599306269
2024-12-03 18:01:55,7012.0,"+2,02","(+2,97%)",18:01:55,7012.5942117608865,7026.697494875099
2024-12-03 18:02:06,7011.0,"+2,01","(+2,95%)",18:02:05,7012.528565794356,7024.7205476085865
2024-12-03 18:02:16,7009.0,"+1,99","(+2,92%)",18:02:07,7010.932482280124,7013.197703642379
2024-12-03 18:02:26,7013.0,"+2,03","(+2,98%)",18:02:24,7012.064585736112,7019.21093662156
2024-12-03 18:02:36,7012.0,"+2,02","(+2,97%)",18:02:34,7011.865641679777,7015.8743627757885
2024-12-03 18:02:46,7008.0,"+1,98","(+2,91%)",18:02:44,7009.799262109104,7002.998684161463
2024-12-03 18:02:56,7008.0,"+1,98","(+2,91%)",18:02:56,7008.799918428989,6998.86492549707
2024-12-03 18:03:06,7008.0,"+1,98","(+2,91%)",18:02:56,7008.333309708253,6998.574250817129
2024-12-03 18:03:16,7008.0,"+1,98","(+2,91%)",18:03:16,7007.932136641673,6998.180799932144
2024-12-03 18:03:26,7006.0,"+1,96","(+2,88%)",18:03:26,7006.204292101476,6988.991959502155
2024-12-03 18:03:37,7005.0,"+1,95","(+2,86%)",18:03:34,7005.073881942663,6985.611117049752
2024-12-03 18:03:47,7009.0,"+1,99","(+2,89%)",18:03:47,7005.739532513285,6990.792454573651
2024-12-03 18:03:57,7008.0,"+1,98","(+2,91%)",18:03:54,7005.606203378027,6990.476505964757
2024-12-03 18:04:07,7006.0,"+1,96","(+2,88%)",18:04:02,7005.803856188072,6995.362466527059
2024-12-03 18:04:17,7005.0,"+1,95","(+2,86%)",18:04:08,7005.801482943094,6999.015610594279
2024-12-03 18:04:27,7007.0,"+1,97","(+2,89%)",18:04:27,7006.001326709136,7000.779659681401
2024-12-03 18:04:37,7008.0,"+1,98","(+2,91%)",18:04:37,7006.666648351498,7004.923281089968
2024-12-03 18:04:47,7006.0,"+1,96","(+2,88%)",18:04:44,7006.533548692247,7005.139516219757
2024-12-03 18:04:57,7007.0,"+1,97","(+2,89%)",18:04:51,7006.932384990604,7008.148596224009
2024-12-03 18:05:07,7009.0,"+1,99","(+2,92%)",18:05:05,7007.664611846814,7011.143010323639
2024-12-03 18:05:17,7007.0,"+1,97","(+2,89%)",18:05:17,7007.132879237409,7006.781464097007
2024-12-03 18:05:28,7007.0,"+1,97","(+2,89%)",18:05:27,7007.531882271311,7010.317187659374
2024-12-03 18:05:38,7008.0,"+1,98","(+2,91%)",18:05:36,7008.19811121176,7014.471745233003
2024-12-03 18:05:48,7008.0,"+1,98","(+2,91%)",18:05:46,7008.331801539334,7014.259625730257
2024-12-03 18:05:58,7005.0,"+1,95","(+2,86%)",18:05:56,7006.867234179878,7005.124439915504
2024-12-03 18:06:08,7010.0,"+2,00","(+2,94%)",18:06:06,7007.933051183334,7010.200664371729
2024-12-03 18:06:18,7010.0,"+2,00","(+2,94%)",18:06:06,7009.064665791371,7016.212645963505
2024-12-03 18:06:28,7008.0,"+1,98","(+2,91%)",18:06:27,7008.732189640405,7013.09188327114
2024-12-03 18:06:38,7012.0,"+2,02","(+2,97%)",18:06:37,7010.130212077849,7019.196377692256
2024-12-03 18:06:48,7011.0,"+2,01","(+2,95%)",18:06:48,7011.328540600424,7025.6269227888915
2024-12-03 18:06:58,7011.0,"+2,01","(+2,95%)",18:06:57,7011.862080056434,7026.86127892822
2024-12-03 18:07:08,7011.0,"+2,01","(+2,95%)",18:07:01,7012.132092092432,7026.426768556508
2024-12-03 18:07:19,7011.0,"+2,01","(+2,95%)",18:07:01,7012.3977905677075,7026.507549798915
2024-12-03 18:07:29,7011.0,"+2,01","(+2,95%)",18:07:01,7012.4641237087,7025.339462992526
2024-12-03 18:07:39,7008.0,"+1,98","(+2,91%)",18:07:38,7010.331660346305,7010.497111779687
2024-12-03 18:07:49,7010.0,"+2,00","(+2,94%)",18:07:48,7010.1321924049225,7009.255008017148
2024-12-03 18:07:59,7008.0,"+1,98","(+2,91%)",18:07:53,7009.134054485387,7004.08672385303
2024-12-03 18:08:09,7006.0,"+1,96","(+2,88%)",18:08:07,7006.93648189981,6991.475573948263
2024-12-03 18:08:19,7008.0,"+1,98","(+2,91%)",18:08:16,7006.737656798974,6992.3298572623235
2024-12-03 18:08:29,7011.0,"+2,01","(+2,95%)",18:08:29,7007.737382065478,6998.539528198066
2024-12-03 18:08:40,7012.0,"+2,02","(+2,97%)",18:08:36,7009.135152313808,7006.711020954895
2024-12-03 18:08:50,7014.0,"+2,04","(+3,00%)",18:08:46,7011.265517693983,7018.385492662162
2024-12-03 18:09:00,7015.0,"+2,05","(+3,01%)",18:08:50,7013.592823551121,7030.767840394549
2024-12-03 18:09:10,7015.0,"+2,05","(+3,01%)",18:09:08,7015.649259657832,7041.485938074325
2024-12-03 18:09:20,7014.0,"+2,04","(+3,00%)",18:09:14,7016.248430644974,7042.099768549971
2024-12-03 18:09:30,7016.0,"+2,06","(+3,02%)",18:09:26,7017.781597190182,7048.526283435026
2024-12-03 18:09:40,7017.0,"+2,07","(+3,04%)",18:09:33,7018.783977385618,7050.092348862189
2024-12-03 18:09:50,7016.0,"+2,06","(+3,02%)",18:09:47,7018.2580550553885,7041.581213536104
2024-12-03 18:10:00,7017.0,"+2,07","(+3,04%)",18:09:59,7017.99684532908,7035.227024695066
2024-12-03 18:10:11,7015.0,"+2,05","(+3,01%)",18:10:09,7017.130376329598,7027.747909232589
2024-12-03 18:10:21,7019.0,"+2,09","(+3,07%)",18:10:18,7017.8625685020515,7028.654490342003
2024-12-03 18:10:31,7016.0,"+2,06","(+3,02%)",18:10:30,7017.463628909503,7025.1223287011935
2024-12-03 18:10:41,7017.0,"+2,07","(+3,04%)",18:10:35,7017.5967047987015,7024.907269724974
2024-12-03 18:10:51,7017.0,"+2,07","(+3,04%)",18:10:35,7017.597347256417,7023.864088076828
2024-12-03 18:11:01,7017.0,"+2,07","(+3,04%)",18:10:59,7017.1988094297385,7019.80982168476
2024-12-03 18:11:11,7014.0,"+2,04","(+3,00%)",18:11:09,7015.93468616474,7012.974783033291
2024-12-03 18:11:21,7014.0,"+2,04","(+3,00%)",18:11:16,7015.0688641981,7009.145811823533
2024-12-03 18:11:31,7014.0,"+2,04","(+3,00%)",18:11:28,7014.135511216046,7004.37237695574
2024-12-03 18:11:41,7015.0,"+2,05","(+3,01%)",18:11:37,7014.001885381631,7004.591648821033
2024-12-03 18:11:51,7014.0,"+2,04","(+3,00%)",18:11:47,7013.070991932564,6999.308762243022
2024-12-03 18:12:01,7014.0,"+2,04","(+3,00%)",18:11:47,7013.270127177022,7003.166426778417
2024-12-03 18:12:12,7013.0,"+2,03","(+2,98%)",18:12:11,7012.60402726116,7000.585188264332
2024-12-03 18:12:22,7014.0,"+2,04","(+3,00%)",18:12:16,7012.803388690139,7003.396696894046
2024-12-03 18:12:32,7016.0,"+2,06","(+3,02%)",18:12:29,7014.000868168549,7011.387138736779
2024-12-03 18:12:42,7017.0,"+2,07","(+3,04%)",18:12:40,7015.665298556555,7021.763623929993
2024-12-03 18:12:52,7017.0,"+2,07","(+3,04%)",18:12:52,7016.530891512366,7025.591282097239
2024-12-03 18:13:02,7018.0,"+2,08","(+3,05%)",18:13:01,7017.598988978327,7030.141782797638
2024-12-03 18:13:12,7016.0,"+2,06","(+3,02%)",18:13:12,7017.598290866738,7029.087849541654
2024-12-03 18:13:22,7013.0,"+2,03","(+2,98%)",18:13:18,7016.5303639346,7023.48645039722
2024-12-03 18:13:32,7014.0,"+2,04","(+3,00%)",18:13:30,7015.731711934523,7018.512969764588
2024-12-03 18:13:42,7014.0,"+2,04","(+3,00%)",18:13:42,7014.933579800238,7013.540535887513
2024-12-03 18:13:53,7012.0,"+2,02","(+2,97%)",18:13:47,7013.072123880633,7002.464414008582
2024-12-03 18:14:03,7011.0,"+2,01","(+2,95%)",18:14:01,7011.139999116351,6992.010825634024
2024-12-03 18:14:13,7012.0,"+2,02","(+2,97%)",18:14:10,7010.341320876489,6989.119639559419
2024-12-03 18:14:23,7014.0,"+2,04","(+3,00%)",18:14:23,7010.873469624417,6993.9940267239845
2024-12-03 18:14:33,7012.0,"+2,02","(+2,97%)",18:14:31,7010.804281976829,6996.184326962269
2024-12-03 18:14:43,7014.0,"+2,04","(+3,00%)",18:14:42,7012.135116898026,7006.565079607411
2024-12-03 18:14:53,7014.0,"+2,04","(+3,00%)",18:14:51,7013.19978878617,7014.242920031752
2024-12-03 18:15:03,7011.0,"+2,01","(+2,95%)",18:15:01,7012.400022570963,7010.311126633481
2024-12-03 18:15:13,7012.0,"+2,02","(+2,97%)",18:15:05,7012.399761903065,7011.3534939899755
2024-12-03 18:15:24,7011.0,"+2,01","(+2,95%)",18:15:20,7012.133166342655,7011.26093328339
2024-12-03 18:15:34,7012.0,"+2,02","(+2,97%)",18:15:27,7011.933546340669,7010.017759743495
2024-12-03 18:15:44,7010.0,"+2,00","(+2,94%)",18:15:44,7010.668219925034,7002.671643685875
2024-12-03 18:15:54,7012.0,"+2,02","(+2,97%)",18:15:54,7010.536578229252,7001.847349264925
2024-12-03 18:16:04,7011.0,"+2,01","(+2,95%)",18:16:01,7010.536470430064,7003.4084589956
2024-12-03 18:16:14,7010.0,"+2,00","(+2,94%)",18:16:12,7009.804907470657,6999.890095200984
2024-12-03 18:16:24,7006.0,"+1,96","(+2,88%)",18:16:23,7008.140368322822,6993.699632367547
2024-12-03 18:16:34,7003.0,"+1,93","(+2,83%)",18:16:33,7005.811288925961,6984.932718191262
2024-12-03 18:16:44,7008.0,"+1,98","(+2,91%)",18:16:42,7005.410711375087,6983.999926924956
2024-12-03 18:16:54,7008.0,"+1,98","(+2,91%)",18:16:48,7005.474897138305,6986.4893200499855
2024-12-03 18:17:04,7011.0,"+2,01","(+2,95%)",18:17:04,7006.736687168681,6994.355581211427
2024-12-03 18:17:14,7008.0,"+1,98","(+2,91%)",18:17:13,7007.068843769782,6998.5207130886565
2024-12-03 18:17:25,7008.0,"+1,98","(+2,91%)",18:17:13,7007.134117767394,6999.986561376812
2024-12-03 18:17:35,7009.0,"+1,99","(+2,92%)",18:17:31,7008.266521327342,7008.614665326405
2024-12-03 18:17:45,7009.0,"+1,99","(+2,92%)",18:17:31,7009.33138036134,7016.295141943009
2024-12-03 18:17:55,7011.0,"+2,01","(+2,95%)",18:17:51,7011.061274805222,7026.554390227896
2024-12-03 18:18:05,7014.0,"+2,04","(+3,00%)",18:18:04,7012.85995130154,7033.570393740112
2024-12-03 18:18:15,7013.0,"+2,03","(+2,98%)",18:18:12,7012.927540559733,7028.764592670959
2024-12-03 18:18:25,7012.0,"+2,02","(+2,97%)",18:18:24,7013.260519542563,7028.746976275425
2024-12-03 18:18:35,7011.0,"+2,01","(+2,95%)",18:18:34,7012.928577645332,7025.109406800915
2024-12-03 18:18:45,7014.0,"+2,04","(+3,00%)",18:18:45,7014.392661571328,7032.668609153625
2024-12-03 18:18:55,7014.0,"+2,04","(+3,00%)",18:18:52,7014.860391444874,7032.448589775071
2024-12-03 18:19:06,7011.0,"+2,01","(+2,95%)",18:19:01,7013.731278196129,7023.803163878005
2024-12-03 18:19:16,7014.0,"+2,04","(+3,00%)",18:19:14,7013.862904033244,7022.018048791928
2024-12-03 18:19:26,7013.0,"+2,03","(+2,98%)",18:19:16,7013.264117108444,7016.207875739356
2024-12-03 18:19:36,7015.0,"+2,05","(+3,01%)",18:19:35,7013.730410658763,7017.022586772712
2024-12-03 18:19:46,7016.0,"+2,06","(+3,02%)",18:19:45,7015.126864625174,7024.661271896946
2024-12-03 18:19:56,7017.0,"+2,07","(+3,02%)",18:19:56,7016.523984312007,7031.257011236441
2024-12-03 18:20:07,7016.0,"+2,06","(+3,02%)",18:19:56,7016.992274821067,7032.059617358947
2024-12-03 18:20:17,7017.0,"+2,07","(+3,04%)",18:20:16,7017.323864438159,7031.00196237568
2024-12-03 18:20:27,7019.0,"+2,09","(+3,07%)",18:20:26,7018.852867460993,7037.912134560222
2024-12-03 18:20:37,7019.0,"+2,09","(+3,07%)",18:20:33,7020.05309749433,7042.784687127529
2024-12-03 18:20:47,7019.0,"+2,09","(+3,07%)",18:20:46,7020.120967071829,7039.039746139203
2024-12-03 18:20:57,7018.0,"+2,08","(+3,05%)",18:20:56,7020.0561557105,7036.558548772908
2024-12-03 18:21:07,7014.0,"+2,04","(+3,00%)",18:21:07,7017.866913509951,7022.402496437206
2024-12-03 18:21:17,7016.0,"+2,06","(+3,02%)",18:21:09,7016.935347683355,7016.0752512328745
2024-12-03 18:21:27,7016.0,"+2,06","(+3,02%)",18:21:25,7016.201672367833,7011.509227661863
2024-12-03 18:21:37,7016.0,"+2,06","(+3,02%)",18:21:35,7015.7351172463195,7009.1250872857645
2024-12-03 18:21:48,7015.0,"+2,05","(+3,01%)",18:21:47,7014.6684296786925,7003.026721565831
2024-12-03 18:21:58,7017.0,"+2,07","(+3,04%)",18:21:55,7014.738294400328,7003.4682071486895
2024-12-03 18:22:08,7019.0,"+2,09","(+3,07%)",18:22:01,7016.138978352053,7012.17546253058
2024-12-03 18:22:18,7017.0,"+2,07","(+3,04%)",18:22:16,7016.736891823868,7016.929009082626
2024-12-03 18:22:28,7019.0,"+2,09","(+3,07%)",18:22:21,7018.264682220848,7026.410326004889
2024-12-03 18:22:38,7019.0,"+2,09","(+3,07%)",18:22:21,7019.52544973391,7033.719556095015
2024-12-03 18:22:49,7019.0,"+2,09","(+3,07%)",18:22:21,7019.65944457051,7031.954434035628
2024-12-03 18:22:59,7017.0,"+2,07","(+3,04%)",18:22:53,7019.19597690954,7028.5361161011115
2024-12-03 18:23:09,7020.0,"+2,10","(+3,08%)",18:23:08,7019.860763986733,7030.582053291242
2024-12-03 18:23:19,7018.0,"+2,08","(+3,05%)",18:23:13,7019.462116327884,7027.071007415405
2024-12-03 18:23:29,7018.0,"+2,08","(+3,05%)",18:23:13,7018.665109263704,7020.566496612806
2024-12-03 18:23:39,7017.0,"+2,07","(+3,04%)",18:23:37,7017.801883221683,7015.20545538063
2024-12-03 18:23:49,7017.0,"+2,07","(+3,04%)",18:23:37,7017.469737961954,7014.181234514984
2024-12-03 18:24:00,7016.0,"+2,06","(+3,02%)",18:23:58,7016.340203613723,7007.67638095506
2024-12-03 18:24:10,7018.0,"+2,08","(+3,05%)",18:24:06,7016.602780313093,7009.854304247383
2024-12-03 18:24:20,7017.0,"+2,07","(+3,04%)",18:24:18,7016.5355817012605,7010.487095168944
2024-12-03 18:24:30,7019.0,"+2,09","(+3,07%)",18:24:28,7017.40479494904,7015.873618210246
2024-12-03 18:24:41,7019.0,"+2,09","(+3,07%)",18:24:28,7017.740963036826,7016.917096690537
2024-12-03 18:24:51,7021.0,"+2,11","(+3,10%)",18:24:51,7019.535763070132,7027.4941885904245
2024-12-03 18:25:01,7018.0,"+2,08","(+3,05%)",18:24:58,7019.5311086095035,7027.472540280764
2024-12-03 18:25:11,7017.0,"+2,07","(+3,04%)",18:25:11,7019.130918464372,7025.5231024800705
2024-12-03 18:25:21,7019.0,"+2,09","(+3,07%)",18:25:20,7019.330135138066,7025.727121688979
2024-12-03 18:25:31,7019.0,"+2,09","(+3,07%)",18:25:29,7019.398360657269,7025.117664981477
2024-12-03 18:25:41,7019.0,"+2,09","(+3,07%)",18:25:29,7019.066620575515,7021.500415875742
2024-12-03 18:25:51,7018.0,"+2,08","(+3,05%)",18:25:48,7018.669097601366,7019.030034692076
2024-12-03 18:26:02,7015.0,"+2,05","(+3,01%)",18:25:58,7016.807285622141,7008.478834495897
